version,4
n_node,311
0,250.661010325,170.750007033,431.853865953,-5.951313748,-2.247047667,8.240642003,0.000000000,0.000000000,0.000000000,0.000000000,0.000000000,0.000000000, -159.315,37.666, 0.000,0.000,0.000, 0,0.000,0,1076833268,0
1,250.065033838,170.527577235,432.677485447,-5.976667124,-2.178798609,8.227300809,0.000000000,0.000000000,0.000000000,1.040678653,0.013687306,0.000000000, -159.971,37.712, 0.000,0.000,0.000, 0,0.000,0,1076833268,0
2,249.463986675,170.318797249,433.498436702,-6.052727251,-1.974051434,8.187277224,0.000000000,0.000000000,0.000000000,2.079335352,0.027525349,-0.000000000, -161.937,37.869, 0.000,0.000,0.000, 0,0.000,0,1076833268,0
3,248.852798162,170.137316886,434.314051479,-6.179494131,-1.632806144,8.120571251,0.000000000,0.000000000,0.000000000,3.114571549,0.041584943,-0.000000000, -165.199,38.206, 0.000,0.000,0.000, 0,0.000,0,1076833268,0
4,248.226397624,169.996785957,435.121661539,-6.356967763,-1.155062737,8.027182888,0.000000000,0.000000000,0.000000000,4.146250077,0.055767740,-0.000000000, -169.702,38.830, 0.000,0.000,0.000, 0,0.000,0,1076833268,0
5,247.579714385,169.910854276,435.918598644,-6.585148146,-0.540821213,7.907112135,0.000000000,0.000000000,0.000000000,5.176149206,0.069710850,-0.000000000, -175.305,39.883, 0.000,0.000,0.000, 0,0.000,0,1076833268,0
6,246.907677770,169.893171652,436.702194553,-6.864035281,0.209918426,7.760358993,0.000000000,0.000000000,0.000000000,6.208606680,0.082715754,-0.000000000, 178.248,41.506, 0.000,0.000,0.000, 0,0.000,0,1076833268,0
7,246.205217103,169.957387898,437.469781029,-7.193629168,1.097156182,7.586923462,0.000000000,0.000000000,0.000000000,7.251086278,0.093767474,-0.000000000, 171.328,43.805, 0.000,0.000,0.000, 0,0.000,0,1076833268,0
8,245.467261711,170.117152826,438.218689833,-7.573929807,2.120892054,7.386805541,0.000000000,0.000000000,0.000000000,8.314555784,0.101719402,-0.000000000, 164.356,46.797, 0.000,0.000,0.000, 0,0.000,0,1076833268,0
9,244.688740917,170.386116246,438.946252724,-8.004937198,3.281126043,7.160005230,0.000000000,0.000000000,0.000000000,9.413547917,0.105647853,-0.000000000, 157.712,50.388, 0.000,0.000,0.000, 0,0.000,0,1076833268,0
10,243.864584046,170.777927971,439.649801466,-8.486651340,4.577858148,6.906522531,0.000000000,0.000000000,0.000000000,10.565820371,0.105229309,0.115725687, 151.657,54.388, 0.000,0.000,0.000, 0,0.000,0,1076833268,0
11,242.992183876,171.298027615,440.322527413,-8.945168661,5.764782428,6.502145293,0.000000000,0.000000000,0.000000000,11.784075637,0.078210255,0.155045526, 147.200,58.575, 0.000,0.000,0.000, 0,0.000,0,1076833268,0
12,242.078786994,171.919013998,440.941060301,-9.306585587,6.595592944,5.822661371,0.000000000,0.000000000,0.000000000,13.049974878,0.066551873,0.182560940, 144.675,62.958, 0.000,0.000,0.000, 0,0.000,0,1076833268,0
13,241.134103439,172.605275745,441.477889464,-9.570902118,7.070289695,4.868070763,0.000000000,0.000000000,0.000000000,14.335108239,0.069701892,0.162621491, 143.546,67.750, 0.000,0.000,0.000, 0,0.000,0,1076833268,0
14,240.167843250,173.321201478,441.905504231,-9.738118255,7.188872681,3.638373469,0.000000000,0.000000000,0.000000000,15.611455682,0.085990028,0.118356947, 143.565,73.270, 0.000,0.000,0.000, 0,0.000,0,1076833268,0
15,239.189716468,174.031179822,442.196393935,-9.808233996,6.951341903,2.133569491,0.000000000,0.000000000,0.000000000,16.854604133,0.113651702,0.083375251, 144.674,79.936, 0.000,0.000,0.000, 0,0.000,0,1076833268,0
16,238.209433131,174.699599400,442.323047906,-9.781249342,6.357697359,0.353658827,0.000000000,0.000000000,0.000000000,18.047827240,0.151837807,0.061225956, 146.977,88.264, 0.000,0.000,0.000, 0,0.000,0,1076833268,0
17,237.236703279,175.290848835,442.257955477,-9.657164294,5.407939051,-1.701358522,0.000000000,0.000000000,0.000000000,19.188009805,0.197100646,0.046571416, 150.752,98.739, 0.000,0.000,0.000, 0,0.000,0,1076833268,0
18,236.281236952,175.769316751,441.973605979,-9.435978850,4.102066979,-4.031482557,0.000000000,0.000000000,0.000000000,20.293768408,0.236829162,0.034929874, 156.504,111.396, 0.000,0.000,0.000, 0,0.000,0,1076833268,0
19,235.352744189,176.099391772,441.442488743,-9.117693012,2.440081141,-6.636713277,0.000000000,0.000000000,0.000000000,21.413203019,0.249611099,0.024267396, 165.018,125.113, 0.000,0.000,0.000, 0,0.000,0,1076833268,0
20,234.460935029,176.245462521,440.637093101,-8.702306779,0.421981539,-9.517050683,0.000000000,0.000000000,0.000000000,22.623708030,0.225916735,0.005238174, 177.224,137.527, 0.000,0.000,0.000, 0,0.000,0,1076833268,0
21,233.611533708,176.187021467,439.547674886,-8.309394299,-1.499116433,-12.139499709,0.000000000,0.000000000,0.000000000,24.006361279,0.127500739,0.007258449, -169.773,145.180, 0.000,0.000,0.000, 0,0.000,0,1076833268,0
22,232.794321239,175.963976468,438.235555940,-8.058529720,-2.870097380,-13.971065294,0.000000000,0.000000000,0.000000000,25.568168379,0.067647588,0.013947145, -160.396,148.521, 0.000,0.000,0.000, 0,0.000,0,1076833268,0
23,231.995092834,175.631339226,436.779824608,-7.949713043,-3.690961301,-15.011747437,0.000000000,0.000000000,0.000000000,27.261852910,0.027996185,0.057044605, -155.095,149.721, 0.000,0.000,0.000, 0,0.000,0,1076833268,0
24,231.199643701,175.244121442,435.259569234,-7.982944267,-3.961708197,-15.261546138,0.000000000,0.000000000,0.000000000,29.020788195,0.005736224,1.230434379, -153.606,149.717, 0.000,0.000,0.000, 0,0.000,0,1076833268,0
25,230.393769050,174.857334820,433.753878162,-8.158223393,-3.682338068,-14.720461396,0.000000000,0.000000000,0.000000000,30.771828871,0.037595240,0.033380190, -155.707,148.698, 0.000,0.000,0.000, 0,0.000,0,1076833268,0
26,229.563264092,174.525991063,432.341839737,-8.475550420,-2.852850913,-13.388493212,0.000000000,0.000000000,0.000000000,32.443169556,0.080501798,0.010927935, -161.397,146.259, 0.000,0.000,0.000, 0,0.000,0,1076833268,0
27,228.693924036,174.305101872,431.102542301,-8.934925349,-1.473246734,-11.265641587,0.000000000,0.000000000,0.000000000,33.973006901,0.146448852,0.006307867, -170.637,141.207, 0.000,0.000,0.000, 0,0.000,0,1076833268,0
28,227.771544092,174.249678950,430.115074201,-9.536348180,0.456474472,-8.351906519,0.000000000,0.000000000,0.000000000,35.325393573,0.250636095,0.004713996, 177.260,131.179, 0.000,0.000,0.000, 0,0.000,0,1076833268,0
29,226.781919470,174.414734000,429.458523779,-10.279818911,2.936312702,-4.647288009,0.000000000,0.000000000,0.000000000,36.524417559,0.368400004,0.003621956, 164.059,113.494, 0.000,0.000,0.000, 0,0.000,0,1076833268,0
30,225.710845380,174.855278725,429.211979380,-11.165337545,5.966267958,-0.151786056,0.000000000,0.000000000,0.000000000,37.708505183,0.373082295,-0.020881234, 151.882,90.687, 0.000,0.000,0.000, 0,0.000,0,1076833268,0
31,224.550040875,175.603985098,429.428007879,-12.015188755,8.876148399,4.338955233,0.000000000,0.000000000,0.000000000,39.106609844,0.200799139,-0.020950270, 143.545,73.804, 0.000,0.000,0.000, 0,0.000,0,1076833268,0
32,223.314920387,176.604166183,430.053090268,-12.651657218,10.995762185,8.029291754,0.000000000,0.000000000,0.000000000,40.814419206,0.108622486,-0.024608042, 139.006,64.405, 0.000,0.000,0.000, 0,0.000,0,1076833268,0
33,222.026822190,177.776795313,431.007186071,-13.074742934,12.325109317,10.919223508,0.000000000,0.000000000,0.000000000,42.800509547,0.060576059,-0.037749651, 136.690,58.713, 0.000,0.000,0.000, 0,0.000,0,1076833268,0
34,220.707084559,179.042845824,432.210254810,-13.284445903,12.864189793,13.008750493,0.000000000,0.000000000,0.000000000,44.989565440,0.033227723,-0.081149389, 135.921,54.875, 0.000,0.000,0.000, 0,0.000,0,1076833268,0
35,219.377045768,180.323291050,433.582256010,-13.280766124,12.613003615,14.297872710,0.000000000,0.000000000,0.000000000,47.289767704,0.020459069,-0.181691963, 136.477,52.023, 0.000,0.000,0.000, 0,0.000,0,1076833268,0
36,218.058044092,181.539104326,435.043149194,-13.063703599,11.571550782,14.786590160,0.000000000,0.000000000,0.000000000,49.603244792,0.028196883,-0.105104395, 138.466,49.726, 0.000,0.000,0.000, 0,0.000,0,1076833268,0
37,216.771417806,182.611258985,436.512893883,-12.633258326,9.739831294,14.474902841,0.000000000,0.000000000,0.000000000,51.831489003,0.051699505,-0.044827948, 142.369,47.779, 0.000,0.000,0.000, 0,0.000,0,1076833268,0
38,215.538505185,183.460728363,437.911449603,-11.989430306,7.117845152,13.362810755,0.000000000,0.000000000,0.000000000,53.880300819,0.092696806,-0.026845343, 149.303,46.217, 0.000,0.000,0.000, 0,0.000,0,1076833268,0
39,214.380644503,184.008485793,439.158775875,-11.132219539,3.705592354,11.450313900,0.000000000,0.000000000,0.000000000,55.668177322,0.169582930,-0.021435968, 161.589,45.698, 0.000,0.000,0.000, 0,0.000,0,1076833268,0
40,213.319174036,184.175504612,440.174832224,-10.061626024,-0.496927098,8.737412278,0.000000000,0.000000000,0.000000000,57.147023272,0.319183397,-0.020891690, -177.173,49.064, 0.000,0.000,0.000, 0,0.000,0,1076833268,0
41,212.371391026,183.906135099,440.896712367,-8.898880675,-4.788404779,5.738131745,0.000000000,0.000000000,0.000000000,58.368482853,0.374127947,-0.009951983, -151.716,60.411, 0.000,0.000,0.000, 0,0.000,0,1076833268,0
42,211.538428598,183.238235329,441.330046805,-7.765214402,-8.467532261,2.966498158,0.000000000,0.000000000,0.000000000,59.520739441,0.315182758,-0.012372964, -132.523,75.522, 0.000,0.000,0.000, 0,0.000,0,1076833268,0
43,210.817378843,182.233040321,441.497600231,-6.660627207,-11.534309545,0.422511518,0.000000000,0.000000000,0.000000000,60.769099927,0.216011403,-0.013128955, -120.005,88.183, 0.000,0.000,0.000, 0,0.000,0,1076833268,0
44,210.205333854,180.951785093,441.422137340,-5.585119089,-13.988736630,-1.893828175,0.000000000,0.000000000,0.000000000,62.191038278,0.141214223,-0.014054479, -111.765,97.166, 0.000,0.000,0.000, 0,0.000,0,1076833268,0
45,209.699385723,179.455704668,441.126422827,-4.538690048,-15.830813517,-3.982520922,0.000000000,0.000000000,0.000000000,63.797801243,0.094270551,-0.016317307, -105.998,103.595, 0.000,0.000,0.000, 0,0.000,0,1076833268,0
46,209.296626542,177.806034063,440.633221387,-3.521340085,-17.060540206,-5.843566722,0.000000000,0.000000000,0.000000000,65.566098650,0.065642753,-0.020690444, -101.662,108.544, 0.000,0.000,0.000, 0,0.000,0,1076833268,0
47,208.994148403,176.064008300,439.965297714,-2.533069198,-17.677916696,-7.476965576,0.000000000,0.000000000,0.000000000,67.456143311,0.048860058,-0.027288163, -98.154,112.718, 0.000,0.000,0.000, 0,0.000,0,1076833268,0
48,208.789043400,174.290862397,439.145416504,-1.573877389,-17.682942988,-8.882717483,0.000000000,0.000000000,0.000000000,69.420403898,0.041326517,-0.032826206, -95.086,116.581, 0.000,0.000,0.000, 0,0.000,0,1076833268,0
49,208.678403623,172.547831375,438.196342449,-0.643764657,-17.075619082,-10.060822443,0.000000000,0.000000000,0.000000000,71.408151332,0.042596627,-0.031099787, -92.159,120.488, 0.000,0.000,0.000, 0,0.000,0,1076833268,0
50,208.659321166,170.896150254,437.140840246,0.257268998,-15.855944978,-11.011280457,0.000000000,0.000000000,0.000000000,73.368380800,0.052396687,-0.024132987, -89.070,124.775, 0.000,0.000,0.000, 0,0.000,0,1076833268,0
51,208.724646888,169.381617441,436.001888217,1.001986608,-14.487019049,-11.727682710,0.000000000,0.000000000,0.000000000,75.264505485,0.042453749,-0.026960254, -86.043,128.924, 0.000,0.000,0.000, 0,0.000,0,1076833268,0
52,208.850266720,167.988284893,434.803319190,1.463151206,-13.431939670,-12.203620389,0.000000000,0.000000000,0.000000000,77.106711674,0.030693810,-0.059889875, -83.783,132.089, 0.000,0.000,0.000, 0,0.000,0,1076833268,0
53,209.007825362,166.684767955,433.569179625,1.640762790,-12.690706842,-12.439093492,0.000000000,0.000000000,0.000000000,78.908677711,0.018734230,-0.181277775, -82.633,134.189, 0.000,0.000,0.000, 0,0.000,0,1076833268,0
54,209.168967511,165.439681973,432.323515978,1.534821362,-12.263320564,-12.434102021,0.000000000,0.000000000,0.000000000,80.677260143,0.012609354,-0.445204071, -82.866,135.174, 0.000,0.000,0.000, 0,0.000,0,1076833268,0
55,209.305337867,164.221642291,431.090374706,1.145326922,-12.149780835,-12.188645975,0.000000000,0.000000000,0.000000000,82.415896084,0.021728987,-0.165327930, -84.615,134.965, 0.000,0.000,0.000, 0,0.000,0,1076833268,0
56,209.388581129,162.999264254,429.893802268,0.472279468,-12.350087657,-11.702725355,0.000000000,0.000000000,0.000000000,84.128473996,0.037160871,-0.061210690, -87.810,133.437, 0.000,0.000,0.000, 0,0.000,0,1076833268,0
57,209.390341994,161.741163207,428.757845121,-0.484320998,-12.864241030,-10.976340159,0.000000000,0.000000000,0.000000000,85.823531512,0.053829873,-0.030253846, -92.156,130.452, 0.000,0.000,0.000, 0,0.000,0,1076833268,0
58,209.282265162,160.415954496,427.706549722,-1.724474477,-13.692240952,-10.009490389,0.000000000,0.000000000,0.000000000,87.518547956,0.069340800,-0.017410135, -97.178,125.954, 0.000,0.000,0.000, 0,0.000,0,1076833268,0
59,209.035995332,158.992253465,426.763962529,-3.248180968,-14.834087424,-8.802176044,0.000000000,0.000000000,0.000000000,89.243669422,0.080972621,-0.010719833, -102.351,120.098, 0.000,0.000,0.000, 0,0.000,0,1076833268,0
60,208.623177201,157.438675460,425.954129999,-5.055440472,-16.289780446,-7.354397124,0.000000000,0.000000000,0.000000000,91.043628353,0.086267076,-0.006725086, -107.241,113.325, 0.000,0.000,0.000, 0,0.000,0,1076833268,0
61,208.023662859,155.738337516,425.296705290,-6.900031320,-17.624269285,-5.797952625,0.000000000,0.000000000,0.000000000,92.962683803,0.065218054,0.019990987, -111.381,107.032, 0.000,0.000,0.000, 0,0.000,0,1076833268,0
62,207.250133948,153.932363433,424.793768361,-8.535731840,-18.402503204,-4.264641541,0.000000000,0.000000000,0.000000000,94.990696356,0.051570574,0.024244176, -114.884,101.872, 0.000,0.000,0.000, 0,0.000,0,1076833268,0
63,206.323479502,152.076378705,424.443005868,-9.962542034,-18.624482205,-2.754463873,0.000000000,0.000000000,0.000000000,97.094597994,0.044067934,0.028204544, -118.143,97.430, 0.000,0.000,0.000, 0,0.000,0,1076833268,0
64,205.264588552,150.226008823,424.242104472,-11.180461901,-18.290206288,-1.267419621,0.000000000,0.000000000,0.000000000,99.235971412,0.042227448,0.029255753, -121.437,93.384, 0.000,0.000,0.000, 0,0.000,0,1076833268,0
65,204.094350132,148.436879278,424.188750830,-12.189491442,-17.399675452,0.196491216,0.000000000,0.000000000,0.000000000,101.374496394,0.045905413,0.026398094, -125.013,89.470, 0.000,0.000,0.000, 0,0.000,0,1076833268,0
66,202.833653275,146.764615563,424.280631601,-12.989630656,-15.952889697,1.637268637,0.000000000,0.000000000,0.000000000,103.470746516,0.055073805,0.021830839, -129.154,85.450, 0.000,0.000,0.000, 0,0.000,0,1076833268,0
67,201.503387012,145.264843169,424.515433444,-13.580879543,-13.949849024,3.054912643,0.000000000,0.000000000,0.000000000,105.489175972,0.070127684,0.017757498, -134.232,81.082, 0.000,0.000,0.000, 0,0.000,0,1076833268,0
68,200.124440377,143.993187589,424.890843016,-13.963238103,-11.390553433,4.449423232,0.000000000,0.000000000,0.000000000,107.402166846,0.091976282,0.014788656, -140.794,76.130, 0.000,0.000,0.000, 0,0.000,0,1076833268,0
69,198.717702402,143.005274314,425.404546977,-14.136706337,-8.275002922,5.820800407,0.000000000,0.000000000,0.000000000,109.196261639,0.120998587,0.012660206, -149.657,70.437, 0.000,0.000,0.000, 0,0.000,0,1076833268,0
70,197.304062121,142.356728835,426.054231984,-14.101284244,-4.603197493,7.169044165,0.000000000,0.000000000,0.000000000,110.881812200,0.153715698,0.010826482, -161.921,64.206, 0.000,0.000,0.000, 0,0.000,0,1076833268,0
71,195.901829898,142.085149191,426.835005528,-13.934331820,-0.915960786,8.416779488,0.000000000,0.000000000,0.000000000,112.509576937,0.136187013,-0.007184852, -176.239,58.921, 0.000,0.000,0.000, 0,0.000,0,1076833268,0
72,194.519001434,142.156023599,427.731658433,-13.713209060,2.245883561,9.486631354,0.000000000,0.000000000,0.000000000,114.159190277,0.108467941,-0.009379863, 170.699,55.679, 0.000,0.000,0.000, 0,0.000,0,1076833268,0
73,193.160993764,142.516812824,428.726402351,-13.437915964,4.882335546,10.378599764,0.000000000,0.000000000,0.000000000,115.880779415,0.080866410,-0.012590413, 160.033,54.024, 0.000,0.000,0.000, 0,0.000,0,1076833268,0
74,191.833223920,143.114977630,429.801448937,-13.108452532,6.993395171,11.092684717,0.000000000,0.000000000,0.000000000,117.690889648,0.057696427,-0.018510496, 151.920,53.254, 0.000,0.000,0.000, 0,0.000,0,1076833268,0
75,190.541108935,143.897978780,430.939009845,-12.724818764,8.579062434,11.628886214,0.000000000,0.000000000,0.000000000,119.582105330,0.039262680,-0.031869248, 146.012,52.847, 0.000,0.000,0.000, 0,0.000,0,1076833268,0
76,189.290065845,144.813277038,432.121296731,-12.287014660,9.639337337,11.987204255,0.000000000,0.000000000,0.000000000,121.531639119,0.024812239,-0.069849815, 141.885,52.491, 0.000,0.000,0.000, 0,0.000,0,1076833268,0
77,188.085511681,145.808333169,433.330521248,-11.795040221,10.174219878,12.167638840,0.000000000,0.000000000,0.000000000,123.507319095,0.015183275,-0.182120290, 139.219,52.005, 0.000,0.000,0.000, 0,0.000,0,1076833268,0
78,186.932863478,146.830607935,434.548895051,-11.248895445,10.183710059,12.170189969,0.000000000,0.000000000,0.000000000,125.471518245,0.016719281,-0.165361910, 137.845,51.269, 0.000,0.000,0.000, 0,0.000,0,1076833268,0
79,185.837538270,147.827562102,435.758629793,-10.648580333,9.667807878,11.994857641,0.000000000,0.000000000,0.000000000,127.383876232,0.029488239,-0.066733963, 137.764,50.172, 0.000,0.000,0.000, 0,0.000,0,1076833268,0
80,184.804953089,148.746656432,436.941937130,-9.994094886,8.626513337,11.641641857,0.000000000,0.000000000,0.000000000,129.203541805,0.049588086,-0.034235210, 139.201,48.594, 0.000,0.000,0.000, 0,0.000,0,1076833268,0
81,183.836864632,149.543832737,438.079648955,-9.395249247,7.314257826,11.069149773,0.000000000,0.000000000,0.000000000,130.896785295,0.059874010,-0.057464258, 142.099,47.088, 0.000,0.000,0.000, 0,0.000,0,1076833268,0
82,182.920388242,150.208957011,439.147078113,-8.961853563,5.985472737,10.235988548,0.000000000,0.000000000,0.000000000,132.452974321,0.076270208,-0.060638680, 146.262,46.474, 0.000,0.000,0.000, 0,0.000,0,1076833268,0
83,182.038978921,150.740376298,440.118157693,-8.693907832,4.640158070,9.142158180,0.000000000,0.000000000,0.000000000,133.867995309,0.101520219,-0.062546738, 151.910,47.148, 0.000,0.000,0.000, 0,0.000,0,1076833268,0
84,181.176091677,151.136437639,440.966820778,-8.591412056,3.278313825,7.787658670,0.000000000,0.000000000,0.000000000,135.141442605,0.139144192,-0.064157332, 159.114,49.739, 0.000,0.000,0.000, 0,0.000,0,1076833268,0
85,180.315181512,151.395488077,441.667000455,-8.654366233,1.899940002,6.172490018,0.000000000,0.000000000,0.000000000,136.280971026,0.191583219,-0.065350384, 167.618,55.138, 0.000,0.000,0.000, 0,0.000,0,1076833268,0
86,179.439703432,151.515874654,442.192629810,-8.882770365,0.505036601,4.296652225,0.000000000,0.000000000,0.000000000,137.309193286,0.252804580,-0.063967186, 176.746,64.223, 0.000,0.000,0.000, 0,0.000,0,1076833268,0
87,178.533112440,151.495944411,442.517641929,-9.276624451,-0.906396378,2.160145289,0.000000000,0.000000000,0.000000000,138.272488317,0.296781577,-0.056284013, -174.419,76.952, 0.000,0.000,0.000, 0,0.000,0,1076833268,0
88,177.578863543,151.334044392,442.615969897,-9.835928490,-2.334358934,-0.237030790,0.000000000,0.000000000,0.000000000,139.245355710,0.291158581,-0.041964439, -166.649,91.343, 0.000,0.000,0.000, 0,0.000,0,1076833268,0
89,176.560411744,151.028521639,442.461546799,-10.560682484,-3.778851069,-2.894876010,0.000000000,0.000000000,0.000000000,140.319801945,0.241898847,-0.026898811, -160.312,104.472, 0.000,0.000,0.000, 0,0.000,0,1076833268,0
90,175.461212048,150.577723193,442.028305723,-11.450886432,-5.239872782,-5.813390372,0.000000000,0.000000000,0.000000000,141.584379757,0.183053680,-0.015941976, -155.411,114.780, 0.000,0.000,0.000, 0,0.000,0,1076833268,0
91,174.273221612,149.984129943,441.300964975,-12.251475748,-6.593408659,-8.669017228,0.000000000,0.000000000,0.000000000,143.098545793,0.111733182,0.001326006, -151.712,121.927, 0.000,0.000,0.000, 0,0.000,0,1076833268,0
92,173.022406205,149.266758169,440.307383749,-12.707385846,-7.715443290,-11.138199929,0.000000000,0.000000000,0.000000000,144.849649758,0.072583353,0.001484053, -148.735,126.842, 0.000,0.000,0.000, 0,0.000,0,1076833268,0
93,171.743233750,148.448757994,439.086206461,-12.818616727,-8.605976672,-13.220938475,0.000000000,0.000000000,0.000000000,146.798156988,0.049449244,0.001862567, -146.124,130.574, 0.000,0.000,0.000, 0,0.000,0,1076833268,0
94,170.470172167,147.553279543,437.676077526,-12.585168390,-9.265008807,-14.917232867,0.000000000,0.000000000,0.000000000,148.898402465,0.035328340,0.002531195, -143.640,133.667, 0.000,0.000,0.000, 0,0.000,0,1076833268,0
95,169.237689379,146.603472941,436.115641360,-12.007040835,-9.692539694,-16.227083103,0.000000000,0.000000000,0.000000000,151.102060205,0.027541851,0.003358946, -141.088,136.441, 0.000,0.000,0.000, 0,0.000,0,1076833268,0
96,168.080253308,145.622488312,434.443542377,-11.084234063,-9.888569334,-17.150489184,0.000000000,0.000000000,0.000000000,153.359914077,0.025616524,0.003588501, -138.263,139.104, 0.000,0.000,0.000, 0,0.000,0,1076833268,0
97,167.032331874,144.633475782,432.698424995,-9.816748073,-9.853097726,-17.687451111,0.000000000,0.000000000,0.000000000,155.623035769,0.029389666,0.002865622, -134.894,141.820, 0.000,0.000,0.000, 0,0.000,0,1076833268,0
98,166.128393000,143.659585475,430.918933627,-8.204582866,-9.586124870,-17.837968882,0.000000000,0.000000000,0.000000000,157.843881857,0.038239974,0.002019011, -130.560,144.726, 0.000,0.000,0.000, 0,0.000,0,1076833268,0
99,165.402904608,142.723967516,429.143712690,-6.247738441,-9.087650767,-17.602042499,0.000000000,0.000000000,0.000000000,159.977686850,0.052315975,0.001461377, -124.508,147.932, 0.000,0.000,0.000, 0,0.000,0,1076833268,0
100,164.890334619,141.849772030,427.411406599,-3.946214798,-8.357675416,-16.979671961,0.000000000,0.000000000,0.000000000,161.984632323,0.073279495,0.001145985, -115.275,151.439, 0.000,0.000,0.000, 0,0.000,0,1076833268,0
101,164.610981141,141.053375270,425.752712652,-1.725106383,-7.599414957,-16.209270794,0.000000000,0.000000000,0.000000000,163.845694325,0.068085409,0.008952233, -102.790,154.324, 0.000,0.000,0.000, 0,0.000,0,1076833268,0
102,164.528463020,140.324058004,424.166539677,-0.009507641,-7.016085532,-15.529252523,0.000000000,0.000000000,0.000000000,165.593452209,0.057509161,0.017343751, -90.078,155.687, 0.000,0.000,0.000, 0,0.000,0,1076833268,0
103,164.592229290,139.644327129,422.643849384,1.200581428,-6.607687140,-14.939617148,0.000000000,0.000000000,0.000000000,167.262190034,0.042756260,0.039782687, -79.702,155.794, 0.000,0.000,0.000, 0,0.000,0,1076833268,0
104,164.751728983,138.996689542,421.175603484,1.905160824,-6.374219782,-14.440364670,0.000000000,0.000000000,0.000000000,168.874834018,0.025990053,0.128726006, -73.359,155.264, 0.000,0.000,0.000, 0,0.000,0,1076833268,0
105,164.956411132,138.363652139,419.752763687,2.104230547,-6.315683456,-14.031495088,0.000000000,0.000000000,0.000000000,170.445535843,0.015288475,0.428232444, -71.573,154.619, 0.000,0.000,0.000, 0,0.000,0,1076833268,0
106,165.155724770,137.727721816,418.366291704,1.797790597,-6.432078164,-13.713008403,0.000000000,0.000000000,0.000000000,171.983858912,0.028151322,0.140741885, -74.384,154.033, 0.000,0.000,0.000, 0,0.000,0,1076833268,0
107,165.299118929,137.071405471,417.007149243,0.985840975,-6.723403905,-13.484904615,0.000000000,0.000000000,0.000000000,173.499966183,0.050205802,0.047001583, -81.658,153.256, 0.000,0.000,0.000, 0,0.000,0,1076833268,0
108,165.336042643,136.377210001,415.666298017,-0.331618321,-7.189660679,-13.347183722,0.000000000,0.000000000,0.000000000,175.010314726,0.072518664,0.021965461, -92.641,151.665, 0.000,0.000,0.000, 0,0.000,0,1076833268,0
109,165.215944943,135.627642301,414.334699736,-2.154587290,-7.830848486,-13.299845727,0.000000000,0.000000000,0.000000000,176.543099505,0.090586748,0.011950504, -105.384,148.589, 0.000,0.000,0.000, 0,0.000,0,1076833268,0
110,164.888274862,134.805209269,413.003316109,-4.483065931,-8.646967326,-13.342890627,0.000000000,0.000000000,0.000000000,178.141957264,0.100265107,0.006874139, -117.405,143.871, 0.000,0.000,0.000, 0,0.000,0,1076833268,0
111,164.318259286,133.904649187,411.668990636,-6.843718701,-9.271075631,-13.299864766,0.000000000,0.000000000,0.000000000,179.849689880,0.070223111,0.063173083, -126.434,139.093, 0.000,0.000,0.000, 0,0.000,0,1076833268,0
112,163.534236503,132.969625880,410.352093970,-8.763210053,-9.336231831,-12.994314485,0.000000000,0.000000000,0.000000000,181.645010781,0.053099499,0.089009988, -133.187,135.421, 0.000,0.000,0.000, 0,0.000,0,1076833268,0
113,162.580322655,132.056034558,409.078878553,-10.241539988,-8.842435927,-12.426239784,0.000000000,0.000000000,0.000000000,183.479589270,0.048407278,0.102709960, -139.193,132.564, 0.000,0.000,0.000, 0,0.000,0,1076833268,0
114,161.500633886,131.219770431,407.875596827,-11.278708506,-7.789687919,-11.595640663,0.000000000,0.000000000,0.000000000,185.299741033,0.056922688,0.085245303, -145.369,130.230, 0.000,0.000,0.000, 0,0.000,0,1076833268,0
115,160.339286335,130.516728711,406.768501234,-11.874715607,-6.177987805,-10.502517123,0.000000000,0.000000000,0.000000000,187.051499134,0.078899968,0.061264324, -152.514,128.118, 0.000,0.000,0.000, 0,0.000,0,1076833268,0
116,159.140396145,130.002804607,405.783844216,-12.029561291,-4.007335588,-9.146869162,0.000000000,0.000000000,0.000000000,188.685820129,0.117281689,0.046053947, -161.576,125.806, 0.000,0.000,0.000, 0,0.000,0,1076833268,0
117,157.948079457,129.733893330,404.947878216,-11.743245557,-1.277731266,-7.528696781,0.000000000,0.000000000,0.000000000,190.166621099,0.179259561,0.038109617, -173.790,122.511, 0.000,0.000,0.000, 0,0.000,0,1076833268,0
118,156.806452414,129.765890090,404.286855674,-11.015768406,2.010825161,-5.647999981,0.000000000,0.000000000,0.000000000,191.486199403,0.267306687,0.033272604, 169.655,116.766, 0.000,0.000,0.000, 0,0.000,0,1076833268,0
119,155.759631157,130.154690099,403.827029033,-9.847129838,5.858333692,-3.504778760,0.000000000,0.000000000,0.000000000,192.693858598,0.342186824,0.026699336, 149.250,107.008, 0.000,0.000,0.000, 0,0.000,0,1076833268,0
120,154.851731827,130.956188566,403.594650736,-8.237329853,10.264794327,-1.099033120,0.000000000,0.000000000,0.000000000,193.927017411,0.323013551,0.016708117, 128.746,94.773, 0.000,0.000,0.000, 0,0.000,0,1076833268,0
121,154.113388737,132.198951015,403.600121842,-6.590823331,14.410316480,1.093695487,0.000000000,0.000000000,0.000000000,195.372575765,0.170726665,0.016303384, 114.578,86.052, 0.000,0.000,0.000, 0,0.000,0,1076833268,0
122,153.521308882,133.802224226,403.790437884,-5.312065152,17.475009565,2.597865609,0.000000000,0.000000000,0.000000000,197.092245425,0.087734574,0.025147860, 106.908,81.905, 0.000,0.000,0.000, 0,0.000,0,1076833268,0
123,153.038717429,135.657925292,404.096743014,-4.401055317,19.458873582,3.413477245,0.000000000,0.000000000,0.000000000,199.033982738,0.041096010,0.065719529, 102.744,80.291, 0.000,0.000,0.000, 0,0.000,0,1076833268,0
124,152.628839541,137.657971307,404.450181383,-3.857793825,20.361908530,3.540530396,0.000000000,0.000000000,0.000000000,201.105963101,0.012552072,0.560816219, 100.728,80.305, 0.000,0.000,0.000, 0,0.000,0,1076833268,0
125,152.254900385,139.694279363,404.781897144,-3.682280676,20.184114409,2.979025061,0.000000000,0.000000000,0.000000000,203.202726401,0.026894245,0.132854703, 100.339,81.739, 0.000,0.000,0.000, 0,0.000,0,1076833268,0
126,151.880125128,141.658766553,405.023034446,-3.874515871,18.925491220,1.728961240,0.000000000,0.000000000,0.000000000,205.217127953,0.064679657,0.034267790, 101.570,84.886, 0.000,0.000,0.000, 0,0.000,0,1076833268,0
127,151.467738933,143.443349971,405.104737442,-4.434499409,16.586038962,-0.209661066,0.000000000,0.000000000,0.000000000,207.050560725,0.127184885,0.018412604, 104.969,90.700, 0.000,0.000,0.000, 0,0.000,0,1076833268,0
128,150.980966968,144.939946710,404.958150283,-5.362231291,13.165757636,-2.836841858,0.000000000,0.000000000,0.000000000,208.631141801,0.241492202,0.014101664, 112.160,101.285, 0.000,0.000,0.000, 0,0.000,0,1076833268,0
129,150.383034397,146.040473862,404.514417121,-6.657711515,8.664647241,-6.152581136,0.000000000,0.000000000,0.000000000,209.959894033,0.407185649,0.011835601, 127.538,119.382, 0.000,0.000,0.000, 0,0.000,0,1076833268,0
130,149.637166386,146.636848522,403.704682107,-8.320940083,3.082707777,-10.156878899,0.000000000,0.000000000,0.000000000,211.211953383,0.425136693,0.007014773, 159.672,138.858, 0.000,0.000,0.000, 0,0.000,0,1076833268,0
131,148.720288355,146.658434280,402.486958427,-9.940909415,-2.456665810,-14.043664081,0.000000000,0.000000000,0.000000000,212.736414675,0.204698452,-0.002028528, -166.119,143.902, 0.000,0.000,0.000, 0,0.000,0,1076833268,0
132,147.664126731,146.184380721,400.926735412,-11.106611930,-6.830078579,-17.006865616,0.000000000,0.000000000,0.000000000,214.679221925,0.100979492,-0.002372443, -148.410,142.524, 0.000,0.000,0.000, 0,0.000,0,1076833268,0
133,146.514108196,145.331283925,399.116371426,-11.818047630,-10.037530528,-19.046483502,0.000000000,0.000000000,0.000000000,216.987410508,0.051398870,-0.004041285, -139.657,140.852, 0.000,0.000,0.000, 0,0.000,0,1076833268,0
134,145.315659432,144.215739976,397.148224833,-12.075216513,-12.079021658,-20.162517741,0.000000000,0.000000000,0.000000000,219.547550886,0.022897669,-0.013127559, -134.991,139.732, 0.000,0.000,0.000, 0,0.000,0,1076833268,0
135,144.114207120,142.954344954,395.114653999,-11.878118580,-12.954551968,-20.354968333,0.000000000,0.000000000,0.000000000,222.225239328,0.008039791,-0.095819636, -132.518,139.190, 0.000,0.000,0.000, 0,0.000,0,1076833268,0
136,142.955177943,141.663694943,393.108017288,-11.226753830,-12.664121459,-19.623835276,0.000000000,0.000000000,0.000000000,224.877731925,0.025610592,-0.011797118, -131.557,139.225, 0.000,0.000,0.000, 0,0.000,0,1076833268,0
137,141.883998582,140.460386023,391.220673065,-10.121122265,-11.207730131,-17.969118572,0.000000000,0.000000000,0.000000000,227.359152041,0.058576547,-0.004083407, -132.084,139.956, 0.000,0.000,0.000, 0,0.000,0,1076833268,0
138,140.946095717,139.461014277,389.544979695,-8.561223883,-8.585377983,-15.390818220,0.000000000,0.000000000,0.000000000,229.523950863,0.124139657,-0.002687650, -134.919,141.770, 0.000,0.000,0.000, 0,0.000,0,1076833268,0
139,140.186896032,138.782175787,388.173295543,-6.547058685,-4.797065016,-11.888934221,0.000000000,0.000000000,0.000000000,231.232377997,0.304603880,-0.002837920, -143.770,145.679, 0.000,0.000,0.000, 0,0.000,0,1076833268,0
140,139.651826208,138.540466635,387.197978973,-4.078626671,0.157208770,-7.463466573,0.000000000,0.000000000,0.000000000,232.370782777,1.086476528,-0.005238263, 177.793,151.326, 0.000,0.000,0.000, 0,0.000,0,1076833268,0
141,139.370180103,138.817856347,386.681612933,-1.639912523,5.238646743,-3.007677798,0.000000000,0.000000000,0.000000000,233.021093064,1.661060225,-0.009649983, 107.382,118.719, 0.000,0.000,0.000, 0,0.000,0,1076833268,0
142,139.306720285,139.557808235,386.567678700,0.285099076,9.408452270,0.585169584,0.000000000,0.000000000,0.000000000,233.772449806,0.579551359,-0.006775451, 88.264,86.443, 0.000,0.000,0.000, 0,0.000,0,1076833268,0
143,139.410076499,140.669159053,386.769882136,1.696408125,12.666625350,3.315075575,0.000000000,0.000000000,0.000000000,234.906764303,0.218218403,-0.006348865, 82.372,75.458, 0.000,0.000,0.000, 0,0.000,0,1076833268,0
144,139.628878491,142.060745557,387.201929102,2.594014626,15.013165985,5.182040173,0.000000000,0.000000000,0.000000000,236.380213281,0.094945331,-0.010226306, 80.197,71.215, 0.000,0.000,0.000, 0,0.000,0,1076833268,0
145,139.911756006,143.641404502,387.777525458,2.977918577,16.448074173,6.186063379,0.000000000,0.000000000,0.000000000,238.086030842,0.035926904,-0.038695987, 79.738,69.691, 0.000,0.000,0.000, 0,0.000,0,1076833268,0
146,140.207338789,145.319972643,388.410377065,2.848119979,16.971349914,6.327145193,0.000000000,0.000000000,0.000000000,239.904123618,0.014523437,-0.199816830, 80.473,69.813, 0.000,0.000,0.000, 0,0.000,0,1076833268,0
147,140.464256584,147.005286736,389.014189784,2.204618832,16.582993210,5.605285615,0.000000000,0.000000000,0.000000000,241.712681095,0.054267433,-0.018027703, 82.427,71.476, 0.000,0.000,0.000, 0,0.000,0,1076833268,0
148,140.631139137,148.606183537,389.502669475,1.047415136,15.283004059,4.020484644,0.000000000,0.000000000,0.000000000,243.394743151,0.120579935,-0.006978401, 86.079,75.294, 0.000,0.000,0.000, 0,0.000,0,1076833268,0
149,140.656616193,150.031499800,389.789521999,-0.623491109,13.071382462,1.572742282,0.000000000,0.000000000,0.000000000,244.848861407,0.251710371,-0.004820324, 92.731,83.147, 0.000,0.000,0.000, 0,0.000,0,1076833268,0
150,140.489317497,151.190072281,389.788453218,-2.808099904,9.948128419,-1.737941473,0.000000000,0.000000000,0.000000000,246.019451083,0.521053625,-0.004446693, 105.763,99.544, 0.000,0.000,0.000, 0,0.000,0,1076833268,0
151,140.093366086,152.013455918,389.436599590,-5.041612476,6.594787392,-5.208648657,0.000000000,0.000000000,0.000000000,246.998501188,0.511377694,-0.009739147, 127.397,122.107, 0.000,0.000,0.000, 0,0.000,0,1076833268,0
152,139.494858168,152.524078376,388.764819971,-6.859230054,3.692904846,-8.136461306,0.000000000,0.000000000,0.000000000,248.033022758,0.323109569,-0.010577460, 151.703,136.246, 0.000,0.000,0.000, 0,0.000,0,1076833268,0
153,138.735383242,152.767085503,387.827403814,-8.260952640,1.242480780,-10.521379421,0.000000000,0.000000000,0.000000000,249.263715116,0.182428380,-0.011530007, 171.447,141.551, 0.000,0.000,0.000, 0,0.000,0,1076833268,0
154,137.856530806,152.787623148,386.678640571,-9.246780231,-0.756484805,-12.363403001,0.000000000,0.000000000,0.000000000,250.710249037,0.104350090,-0.015189964, -175.323,143.115, 0.000,0.000,0.000, 0,0.000,0,1076833268,0
155,136.899890362,152.630837158,385.372819698,-9.816712829,-2.303991911,-13.662532047,0.000000000,0.000000000,0.000000000,252.336567253,0.059407717,-0.026665131, -166.792,143.571, 0.000,0.000,0.000, 0,0.000,0,1076833268,0
156,135.907051407,152.341873381,383.964230646,-9.970750434,-3.400040536,-14.418766558,0.000000000,0.000000000,0.000000000,254.083951690,0.031287544,-0.071078181, -161.171,143.848, 0.000,0.000,0.000, 0,0.000,0,1076833268,0
157,134.919603441,151.965877667,382.507162871,-9.708893046,-4.044630681,-14.632106535,0.000000000,0.000000000,0.000000000,255.883805230,0.019465677,-0.173892891, -157.384,144.291, 0.000,0.000,0.000, 0,0.000,0,1076833268,0
158,133.979135964,151.547995861,381.055905824,-9.031140663,-4.237762345,-14.302551976,0.000000000,0.000000000,0.000000000,257.662920542,0.035215859,-0.064698645, -154.862,145.104, 0.000,0.000,0.000, 0,0.000,0,1076833268,0
159,133.127238475,151.133373814,379.664748960,-7.937493288,-3.979435530,-13.430102884,0.000000000,0.000000000,0.000000000,259.346059929,0.069409867,-0.026888356, -153.373,146.530, 0.000,0.000,0.000, 0,0.000,0,1076833268,0
160,132.405500473,150.767157371,378.387981732,-6.427950919,-3.269650234,-12.014759257,0.000000000,0.000000000,0.000000000,260.857732771,0.131525257,-0.017224531, -153.039,149.026, 0.000,0.000,0.000, 0,0.000,0,1076833268,0
161,131.847315308,150.485807435,377.269947396,-4.748398052,-2.368954903,-10.354907007,0.000000000,0.000000000,0.000000000,262.138642307,0.182596630,0.003251607, -153.486,152.866, 0.000,0.000,0.000, 0,0.000,0,1076833268,0
162,131.453291730,150.291045110,376.315204421,-3.144719183,-1.537897983,-8.748932046,0.000000000,0.000000000,0.000000000,263.189699438,0.265992895,0.005430334, -153.939,158.193, 0.000,0.000,0.000, 0,0.000,0,1076833268,0
163,131.215842338,150.175906558,375.518365077,-1.616914312,-0.776479474,-7.196834374,0.000000000,0.000000000,0.000000000,264.029099247,0.409458193,0.009638144, -154.349,166.005, 0.000,0.000,0.000, 0,0.000,0,1076833268,0
164,131.127379734,150.133427935,374.874041636,-0.164983438,-0.084699375,-5.698613991,0.000000000,0.000000000,0.000000000,264.680852853,0.659439711,0.018006707, -152.825,178.136, 0.000,0.000,0.000, 0,0.000,0,1076833268,0
165,131.180316517,150.156645402,374.376846369,1.211073437,0.537442313,-4.254270898,0.000000000,0.000000000,0.000000000,265.181397044,1.025374708,0.032692336, 23.930,162.701, 0.000,0.000,0.000, 0,0.000,0,1076833268,0
166,131.367065288,150.238595117,374.021391547,2.511256314,1.089945590,-2.863805093,0.000000000,0.000000000,0.000000000,265.591200643,1.228898934,0.046067955, 23.462,136.291, 0.000,0.000,0.000, 0,0.000,0,1076833268,0
167,131.680038647,150.372313240,373.802289441,3.735565194,1.572810457,-1.527216578,0.000000000,0.000000000,0.000000000,265.995970445,0.971730097,0.043146906, 22.833,110.646, 0.000,0.000,0.000, 0,0.000,0,1076833268,0
168,132.111649194,150.550835928,373.714152322,4.884000076,1.986036913,-0.244505351,0.000000000,0.000000000,0.000000000,266.471287356,0.616900252,0.032697830, 22.129,92.655, 0.000,0.000,0.000, 0,0.000,0,1076833268,0
169,132.654309529,150.767199342,373.751592461,5.956560960,2.329624958,0.984328586,0.000000000,0.000000000,0.000000000,267.056689039,0.385812343,0.024609927, 21.361,81.251, 0.000,0.000,0.000, 0,0.000,0,1076833268,0
170,133.300432252,151.014439640,373.909222130,6.953247845,2.603574593,2.159285235,0.000000000,0.000000000,0.000000000,267.766230758,0.253342665,0.019611174, 20.528,73.784, 0.000,0.000,0.000, 0,0.000,0,1076833268,0
171,134.039786258,151.284018652,374.175188194,7.794749533,2.760655978,3.086402475,0.000000000,0.000000000,0.000000000,268.596926332,0.130203636,0.094636815, 19.503,69.532, 0.000,0.000,0.000, 0,0.000,0,1076833268,0
172,134.851565612,151.561100899,374.511775907,8.401754823,2.753639273,3.571718188,0.000000000,0.000000000,0.000000000,269.518366281,0.061988644,0.262586198, 18.146,68.003, 0.000,0.000,0.000, 0,0.000,0,1076833268,0
173,135.712320676,151.829276570,374.874805115,8.774263715,2.582524478,3.615232374,0.000000000,0.000000000,0.000000000,270.490275575,0.041445901,0.487976792, 16.401,68.433, 0.000,0.000,0.000, 0,0.000,0,1076833268,0
174,136.598601809,152.072135858,375.220095664,8.912276209,2.247311594,3.216945033,0.000000000,0.000000000,0.000000000,271.471958031,0.078768964,0.143380006, 14.153,70.710, 0.000,0.000,0.000, 0,0.000,0,1076833268,0
175,137.486959371,152.273268953,375.503467404,8.815792305,1.748000620,2.376856165,0.000000000,0.000000000,0.000000000,272.425862231,0.142156373,0.058154480, 11.215,75.186, 0.000,0.000,0.000, 0,0.000,0,1076833268,0
176,138.353943723,152.416266046,375.680740180,8.484812002,1.084591556,1.094965770,0.000000000,0.000000000,0.000000000,273.322263744,0.233486272,0.033832718, 7.284,82.705, 0.000,0.000,0.000, 0,0.000,0,1076833268,0
177,139.176105225,152.484717328,375.707733840,7.919335302,0.257084403,-0.628726153,0.000000000,0.000000000,0.000000000,274.147711363,0.356574814,0.023660415, 1.859,94.537, 0.000,0.000,0.000, 0,0.000,0,1076833268,0
178,139.929994237,152.462212990,375.540268232,7.119362204,-0.734520840,-2.794219603,0.000000000,0.000000000,0.000000000,274.920304281,0.469722190,0.016712842, -5.890,111.326, 0.000,0.000,0.000, 0,0.000,0,1076833268,0
179,140.592161119,152.332343224,375.134163202,6.084892707,-1.890224172,-5.401514580,0.000000000,0.000000000,0.000000000,275.707865346,0.472233921,0.010013547, -17.257,130.289, 0.000,0.000,0.000, 0,0.000,0,1076833268,0
180,141.139156232,152.078698219,374.445238598,4.815926813,-3.210025594,-8.450611084,0.000000000,0.000000000,0.000000000,276.623374249,0.363961755,-0.008168371, -33.685,145.593, 0.000,0.000,0.000, 0,0.000,0,1076833268,0
181,141.555763643,151.692834617,373.450841934,3.559475760,-4.454931658,-11.295679122,0.000000000,0.000000000,0.000000000,277.768484366,0.180048642,-0.009390236, -51.375,153.214, 0.000,0.000,0.000, 0,0.000,0,1076833268,0
182,141.859702253,151.198174848,372.214431389,2.562550789,-5.385948917,-13.290888701,0.000000000,0.000000000,0.000000000,279.134419211,0.092058840,-0.015423868, -64.556,155.831, 0.000,0.000,0.000, 0,0.000,0,1076833268,0
183,142.076924670,150.626107794,370.820992809,1.825151899,-6.003077370,-14.436239822,0.000000000,0.000000000,0.000000000,280.656298763,0.042329370,-0.045841029, -73.089,156.509, 0.000,0.000,0.000, 0,0.000,0,1076833268,0
184,142.233383502,150.008022334,369.355512040,1.347279091,-6.306317017,-14.731732483,0.000000000,0.000000000,0.000000000,282.254467367,0.015435279,-0.303208982, -77.941,156.359, 0.000,0.000,0.000, 0,0.000,0,1076833268,0
185,142.355031358,149.375307350,367.902974928,1.128932364,-6.295667859,-14.177366685,0.000000000,0.000000000,0.000000000,283.843489240,0.041233650,-0.051909671, -79.834,155.718, 0.000,0.000,0.000, 0,0.000,0,1076833268,0
186,142.467820845,148.759351722,366.548367318,1.170111719,-5.971129895,-12.773142429,0.000000000,0.000000000,0.000000000,285.335831218,0.094874699,-0.017304501, -78.913,154.528, 0.000,0.000,0.000, 0,0.000,0,1076833268,0
187,142.597704571,148.191544331,365.376675057,1.470817155,-5.332703126,-10.519059713,0.000000000,0.000000000,0.000000000,286.644318043,0.200178007,-0.011063368, -74.581,152.261, 0.000,0.000,0.000, 0,0.000,0,1076833268,0
188,142.770635145,147.703274057,364.472883991,2.031048673,-4.380387552,-7.415118539,0.000000000,0.000000000,0.000000000,287.686023920,0.480594534,-0.011269604, -65.124,146.930, 0.000,0.000,0.000, 0,0.000,0,1076833268,0
189,143.012565175,147.325929781,363.921979965,2.850806272,-3.114183171,-3.461318905,0.000000000,0.000000000,0.000000000,288.396245075,1.577230053,-0.018967108, -47.528,129.346, 0.000,0.000,0.000, 0,0.000,0,1076833268,0
190,143.349447269,147.090900383,363.808948825,3.930089953,-1.534089985,1.342339187,0.000000000,0.000000000,0.000000000,288.822278409,2.877761470,-0.005496553, -21.323,72.350, 0.000,0.000,0.000, 0,0.000,0,1076833268,0
191,143.801104512,147.020763014,364.193997595,5.085014028,0.095540096,6.252491066,0.000000000,0.000000000,0.000000000,289.419920501,0.763718705,-0.002143983, 1.076,39.126, 0.000,0.000,0.000, 0,0.000,0,1076833268,0
192,144.362841898,147.102847902,365.038218009,6.131692811,1.510355164,10.525772057,0.000000000,0.000000000,0.000000000,290.437267505,0.284194071,-0.001240830, 13.838,30.962, 0.000,0.000,0.000, 0,0.000,0,1076833268,0
193,145.023834898,147.315673546,366.277922977,7.070126301,2.710355218,14.162182162,0.000000000,0.000000000,0.000000000,291.858209063,0.139721989,-0.001023634, 20.974,28.131, 0.000,0.000,0.000, 0,0.000,0,1076833268,0
194,145.773258982,147.637758445,367.849425411,7.900314499,3.695540258,17.161721380,0.000000000,0.000000000,0.000000000,293.628800783,0.078951973,-0.001080435, 25.069,26.941, 0.000,0.000,0.000, 0,0.000,0,1076833268,0
195,146.600289621,148.047621097,369.689038223,8.622257404,4.465910284,19.524389711,0.000000000,0.000000000,0.000000000,295.686989883,0.047328498,-0.001423511, 27.382,26.443, 0.000,0.000,0.000, 0,0.000,0,1076833268,0
196,147.494102286,148.523780002,371.733074324,9.235955017,5.021465296,21.250187155,0.000000000,0.000000000,0.000000000,297.968154490,0.028099478,-0.002444660, 28.532,26.322, 0.000,0.000,0.000, 0,0.000,0,1076833268,0
197,148.443872448,149.044753656,373.917846625,9.741407338,5.362205295,22.339113712,0.000000000,0.000000000,0.000000000,300.406741563,0.014821791,-0.006462847, 28.831,26.463, 0.000,0.000,0.000, 0,0.000,0,1076833268,0
198,149.438775577,149.589060560,376.179668037,10.138614366,5.488130279,22.791169382,0.000000000,0.000000000,0.000000000,302.936946761,0.005651148,-0.038664871, 28.427,26.832, 0.000,0.000,0.000, 0,0.000,0,1076833268,0
199,150.467987145,150.135219212,378.454851471,10.427576101,5.399240250,22.606354166,0.000000000,0.000000000,0.000000000,305.493120735,0.009076725,-0.015225455, 27.374,27.449, 0.000,0.000,0.000, 0,0.000,0,1076833268,0
200,151.520682621,150.661748109,380.679709840,10.608292544,5.095535206,21.784668062,0.000000000,0.000000000,0.000000000,308.010141833,0.019876480,-0.008581266, 25.657,28.379, 0.000,0.000,0.000, 0,0.000,0,1076833268,0
201,152.586280679,151.149619326,382.799447701,10.688059741,4.650622366,20.592860465,0.000000000,0.000000000,0.000000000,310.432290908,0.023804178,-0.007853445, 23.515,29.511, 0.000,0.000,0.000, 0,0.000,0,1076833268,0
202,153.655172796,151.589619230,384.794836197,10.674173739,4.138108944,19.297680766,0.000000000,0.000000000,0.000000000,312.738305982,0.028894187,-0.007332345, 21.190,30.678, 0.000,0.000,0.000, 0,0.000,0,1076833268,0
203,154.717993653,151.974987762,386.655538117,10.566634536,3.557994942,17.899128966,0.000000000,0.000000000,0.000000000,314.915530986,0.035583616,-0.007015961, 18.609,31.919, 0.000,0.000,0.000, 0,0.000,0,1076833268,0
204,155.765377930,152.298964866,388.371216253,10.365442133,2.910280359,16.397205065,0.000000000,0.000000000,0.000000000,316.951587580,0.044559162,-0.006906404, 15.683,33.289, 0.000,0.000,0.000, 0,0.000,0,1076833268,0
205,156.787960307,152.554790482,389.931533394,10.070596531,2.194965196,14.791909063,0.000000000,0.000000000,0.000000000,318.834593433,0.056925227,-0.007020429, 12.296,34.869, 0.000,0.000,0.000, 0,0.000,0,1076833268,0
206,157.776375463,152.735704552,391.326152329,9.682097729,1.412049451,13.083240960,0.000000000,0.000000000,0.000000000,320.553504831,0.074513054,-0.007399716, 8.298,36.792, 0.000,0.000,0.000, 0,0.000,0,1076833268,0
207,158.721258079,152.834947019,392.544735849,9.199945727,0.561533126,11.271200755,0.000000000,0.000000000,0.000000000,322.098690264,0.100456796,-0.008125197, 3.493,39.275, 0.000,0.000,0.000, 0,0.000,0,1076833268,0
208,159.613242835,152.845757825,393.576946743,8.624140525,-0.356583780,9.355788449,0.000000000,0.000000000,0.000000000,323.462953072,0.140235492,-0.009337548, -2.368,42.694, 0.000,0.000,0.000, 0,0.000,0,1076833268,0
209,160.442964411,152.761376911,394.412447802,7.954682124,-1.342301266,7.337004042,0.000000000,0.000000000,0.000000000,324.643469929,0.203217794,-0.011250773, -9.578,47.714, 0.000,0.000,0.000, 0,0.000,0,1076833268,0
210,161.201057486,152.575044219,395.040901815,7.191570522,-2.395619334,5.214847534,0.000000000,0.000000000,0.000000000,325.645657252,0.302639904,0.018683403, -18.424,55.473, 0.000,0.000,0.000, 0,0.000,0,1076833268,0
211,161.878886419,152.284658953,395.455125361,6.356696045,-3.376760137,3.083932579,0.000000000,0.000000000,0.000000000,326.491444938,0.394931786,0.028864142, -27.978,66.807, 0.000,0.000,0.000, 0,0.000,0,1076833268,0
212,162.470734277,151.906757362,395.660550171,5.471949018,-4.145945830,1.038872831,0.000000000,0.000000000,0.000000000,327.223082042,0.476439844,0.040811999, -37.150,81.395, 0.000,0.000,0.000, 0,0.000,0,1076833268,0
213,162.971613805,151.462534957,395.665761767,4.537329439,-4.703176414,-0.920331709,0.000000000,0.000000000,0.000000000,327.892590076,0.502841996,0.049690176, -46.028,98.016, 0.000,0.000,0.000, 0,0.000,0,1076833268,0
214,163.376537746,150.973187249,395.479345669,3.552837309,-5.048451888,-2.793681042,0.000000000,0.000000000,0.000000000,328.554538366,0.458237859,0.051074323, -54.864,114.349, 0.000,0.000,0.000, 0,0.000,0,1076833268,0
215,163.680518848,150.459909750,395.109887399,2.518472628,-5.181772252,-4.581175168,0.000000000,0.000000000,0.000000000,329.256220428,0.376734400,0.045985620, -64.079,128.490, 0.000,0.000,0.000, 0,0.000,0,1076833268,0
216,163.878569854,149.943897969,394.565972476,1.434235397,-5.103137507,-6.282814086,0.000000000,0.000000000,0.000000000,330.031678874,0.296556303,0.038255586, -74.302,139.845, 0.000,0.000,0.000, 0,0.000,0,1076833268,0
217,163.965703509,149.446347419,393.856186422,0.300125614,-4.812547652,-7.898597796,0.000000000,0.000000000,0.000000000,330.902853407,0.232794994,0.030497894, -86.431,148.597, 0.000,0.000,0.000, 0,0.000,0,1076833268,0
218,163.936932558,148.988453609,392.989114757,-0.883856720,-4.310002687,-9.428526300,0.000000000,0.000000000,0.000000000,331.883826281,0.185739293,0.023718116, -101.589,154.985, 0.000,0.000,0.000, 0,0.000,0,1076833268,0
219,163.787269747,148.591412051,391.973343002,-2.117711604,-3.595502613,-10.872599595,0.000000000,0.000000000,0.000000000,332.984659245,0.151482619,0.018133125, -120.498,159.004, 0.000,0.000,0.000, 0,0.000,0,1076833268,0
220,163.511727819,148.276418257,390.817456678,-3.401439040,-2.669047429,-12.230817684,0.000000000,0.000000000,0.000000000,334.213975168,0.126173193,0.030077550, -141.879,160.531, 0.000,0.000,0.000, 0,0.000,0,1076833268,0
221,163.113430432,148.059546466,389.537336781,-4.491711681,-1.684275249,-13.284316312,0.000000000,0.000000000,0.000000000,335.572055112,0.075446319,0.050502815, -159.445,160.145, 0.000,0.000,0.000, 0,0.000,0,1076833268,0
222,162.627944888,147.936385836,388.178046206,-5.145202182,-0.794824188,-13.814231227,0.000000000,0.000000000,0.000000000,337.020687439,0.045186771,0.107970219, -171.218,159.350, 0.000,0.000,0.000, 0,0.000,0,1076833268,0
223,162.098949400,147.897404257,386.791943326,-5.361910542,-0.000694245,-13.820562428,0.000000000,0.000000000,0.000000000,338.504815797,0.035901929,0.166822521, -179.993,158.795, 0.000,0.000,0.000, 0,0.000,0,1076833268,0
224,161.570122184,147.933069617,385.431386511,-5.141836763,0.698114580,-13.303309917,0.000000000,0.000000000,0.000000000,339.964968217,0.054239455,0.091499189, 172.268,158.692, 0.000,0.000,0.000, 0,0.000,0,1076833268,0
225,161.085141452,148.033849803,384.148734133,-4.484980843,1.301602286,-12.262473692,0.000000000,0.000000000,0.000000000,341.339944609,0.096695843,0.047816725, 163.817,159.151, 0.000,0.000,0.000, 0,0.000,0,1076833268,0
226,160.687685420,148.190212704,382.996344563,-3.391342783,1.809768875,-10.698053755,0.000000000,0.000000000,0.000000000,342.568937032,0.177622925,0.033518812, 151.914,160.236, 0.000,0.000,0.000, 0,0.000,0,1076833268,0
227,160.421432300,148.392626207,382.026576172,-1.860922583,2.222614344,-8.610050104,0.000000000,0.000000000,0.000000000,343.594759961,0.357640227,0.031732286, 129.938,161.393, 0.000,0.000,0.000, 0,0.000,0,1076833268,0
228,160.330060308,148.631558202,381.291787333,0.106279757,2.540138696,-5.998462740,0.000000000,0.000000000,0.000000000,344.372803648,0.852915839,0.041023033, 87.604,157.031, 0.000,0.000,0.000, 0,0.000,0,1076833268,0
229,160.457247656,148.897476576,380.844336415,2.510264237,2.762341929,-2.863291663,0.000000000,0.000000000,0.000000000,344.908622205,1.940751013,0.055900687, 47.737,127.492, 0.000,0.000,0.000, 0,0.000,0,1076833268,0
230,160.846672560,149.180849217,380.736581790,5.351030858,2.889224044,0.795463127,0.000000000,0.000000000,0.000000000,345.402143095,1.322242387,0.054716081, 28.366,82.548, 0.000,0.000,0.000, 0,0.000,0,1076833268,0
231,161.526536615,149.471274053,380.996518255,8.164281084,2.894686218,4.246894362,0.000000000,0.000000000,0.000000000,346.185806725,0.422876871,0.035311343, 19.522,63.882, 0.000,0.000,0.000, 0,0.000,0,1076833268,0
232,162.463134946,149.754869168,381.554686302,10.485716380,2.752629629,6.760094773,0.000000000,0.000000000,0.000000000,347.312391915,0.178958784,0.036551708, 14.709,58.054, 0.000,0.000,0.000, 0,0.000,0,1076833268,0
233,163.607286060,150.016882687,382.317262849,12.315336747,2.463054277,8.335064361,0.000000000,0.000000000,0.000000000,348.712126121,0.086505523,0.057999884, 11.310,56.429, 0.000,0.000,0.000, 0,0.000,0,1076833268,0
234,164.909808464,150.242562732,383.190424814,13.653142185,2.025960163,8.971803125,0.000000000,0.000000000,0.000000000,350.296395010,0.044910097,0.126811181, 8.440,56.976, 0.000,0.000,0.000, 0,0.000,0,1076833268,0
235,166.321520666,150.417157427,384.080349113,14.499132693,1.441347286,8.670311065,0.000000000,0.000000000,0.000000000,351.974304395,0.040972897,0.127638461, 5.677,59.245, 0.000,0.000,0.000, 0,0.000,0,1076833268,0
236,167.793241172,150.525914897,384.893212666,14.853308272,0.709215645,7.430588181,0.000000000,0.000000000,0.000000000,353.659100107,0.068482773,0.051439989, 2.734,63.449, 0.000,0.000,0.000, 0,0.000,0,1076833268,0
237,169.275788489,150.554083264,385.535192389,14.715668921,-0.170434758,5.252634474,0.000000000,0.000000000,0.000000000,355.274921251,0.116294124,0.025857669, -0.664,70.358, 0.000,0.000,0.000, 0,0.000,0,1076833268,0
238,170.719981125,150.486910653,385.912465200,14.086214641,-1.197603924,2.136449943,0.000000000,0.000000000,0.000000000,356.769089683,0.188402277,0.016789561, -4.860,81.406, 0.000,0.000,0.000, 0,0.000,0,1076833268,0
239,172.076637587,150.309645187,385.931208017,12.964945432,-2.372291852,-1.917965412,0.000000000,0.000000000,0.000000000,358.137406566,0.275527503,0.012012126, -10.369,98.279, 0.000,0.000,0.000, 0,0.000,0,1076833268,0
240,173.296576381,150.007534991,385.497597757,11.351861293,-3.694498544,-6.910611590,0.000000000,0.000000000,0.000000000,359.466894848,0.311973654,-0.016534268, -18.028,120.066, 0.000,0.000,0.000, 0,0.000,0,1076833268,0
241,174.343650652,149.571339028,384.553882244,9.638001364,-4.998898743,-11.759361399,0.000000000,0.000000000,0.000000000,360.942438956,0.182575241,-0.019783582, -27.414,137.284, 0.000,0.000,0.000, 0,0.000,0,1076833268,0
242,175.233852099,149.013859634,383.186592929,8.214404785,-6.120167193,-15.382087647,0.000000000,0.000000000,0.000000000,362.666597291,0.100376830,-0.027614591, -36.688,146.338, 0.000,0.000,0.000, 0,0.000,0,1076833268,0
243,175.996207054,148.353409981,381.518332167,7.081071555,-7.058303893,-17.778790333,0.000000000,0.000000000,0.000000000,364.616077424,0.053068330,-0.054656178, -44.908,150.648, 0.000,0.000,0.000, 0,0.000,0,1076833268,0
244,176.659741855,147.608303247,379.671702314,6.238001675,-7.813308845,-18.949469456,0.000000000,0.000000000,0.000000000,366.715006744,0.024241140,-0.195016020, -51.397,152.183, 0.000,0.000,0.000, 0,0.000,0,1076833268,0
245,177.253482834,146.796852604,377.769305728,5.685195144,-8.385182049,-18.894125018,0.000000000,0.000000000,0.000000000,368.866771896,0.019983298,-0.285892688, -55.863,151.800, 0.000,0.000,0.000, 0,0.000,0,1076833268,0
246,177.806456328,145.937371229,375.933744763,5.422651963,-8.773923503,-17.612757019,0.000000000,0.000000000,0.000000000,370.967669794,0.046115137,-0.072094722, -58.282,149.646, 0.000,0.000,0.000, 0,0.000,0,1076833268,0
247,178.347688672,145.048172295,374.287621776,5.450372131,-8.979533208,-15.105365457,0.000000000,0.000000000,0.000000000,372.915316599,0.092383132,-0.033483723, -58.743,145.185, 0.000,0.000,0.000, 0,0.000,0,1076833268,0
248,178.906206200,144.147568979,372.953539123,5.768355649,-9.002011165,-11.371950333,0.000000000,0.000000000,0.000000000,374.619078521,0.179434019,-0.023808213, -57.349,136.766, 0.000,0.000,0.000, 0,0.000,0,1076833268,0
249,179.511035247,143.253874454,372.054099161,6.376602516,-8.841357372,-6.412511648,0.000000000,0.000000000,0.000000000,376.023891792,0.351907896,-0.021873458, -54.200,120.466, 0.000,0.000,0.000, 0,0.000,0,1076833268,0
250,180.191202148,142.385401896,371.711904246,7.275112732,-8.497571831,-0.227049401,0.000000000,0.000000000,0.000000000,377.178867531,0.550524180,0.007764818, -49.432,91.163, 0.000,0.000,0.000, 0,0.000,0,1076833268,0
251,180.964231277,141.559474162,372.012097088,8.118827472,-8.000364056,6.060647053,0.000000000,0.000000000,0.000000000,378.349271905,0.350399756,0.008124625, -44.579,62.000, 0.000,0.000,0.000, 0,0.000,0,1076833268,0
252,181.801639165,140.789452842,372.889981818,8.562687908,-7.379443564,11.326788358,0.000000000,0.000000000,0.000000000,379.786236207,0.187850305,0.007792156, -40.755,44.942, 0.000,0.000,0.000, 0,0.000,0,1076833268,0
253,182.663440382,140.087709207,374.243402921,8.606694040,-6.634810354,15.571374514,0.000000000,0.000000000,0.000000000,381.537491228,0.106031116,0.008761029, -37.628,34.911, 0.000,0.000,0.000, 0,0.000,0,1076833268,0
254,183.509649497,139.466614528,375.970204883,8.250845869,-5.766464427,18.794405521,0.000000000,0.000000000,0.000000000,383.558301332,0.064253564,0.011907055, -34.949,28.173, 0.000,0.000,0.000, 0,0.000,0,1076833268,0
255,184.300281079,138.938540078,377.968232187,7.495143394,-4.774405782,20.995881380,0.000000000,0.000000000,0.000000000,385.771008731,0.042509132,0.018192661, -32.497,22.941, 0.000,0.000,0.000, 0,0.000,0,1076833268,0
256,184.995349699,138.515857129,380.135329320,6.339586615,-3.658634420,22.175802090,0.000000000,0.000000000,0.000000000,388.085763847,0.035137926,0.023057273, -29.990,18.266, 0.000,0.000,0.000, 0,0.000,0,1076833268,0
257,185.554869925,138.210936952,382.369340767,4.784175533,-2.419150340,22.334167651,0.000000000,0.000000000,0.000000000,390.408875197,0.041954708,0.017864923, -26.824,13.498, 0.000,0.000,0.000, 0,0.000,0,1076833268,0
258,185.938856328,138.036150818,384.568111012,2.828910147,-1.055953543,21.470978063,0.000000000,0.000000000,0.000000000,392.647755797,0.062246395,0.011468615, -20.469,8.005, 0.000,0.000,0.000, 0,0.000,0,1076833268,0
259,186.107323478,138.003870000,386.629484541,0.473790458,0.430955972,19.586233327,0.000000000,0.000000000,0.000000000,394.716253817,0.099719930,0.008197955, 42.289,1.873, 0.000,0.000,0.000, 0,0.000,0,1076833268,0
260,186.020285943,138.126465770,388.451305839,-2.281183536,2.041578205,16.679933442,0.000000000,0.000000000,0.000000000,396.544268613,0.167499828,-0.001552729, 138.173,10.400, 0.000,0.000,0.000, 0,0.000,0,1076833268,0
261,185.651935522,138.410310569,389.957464466,-5.010694995,3.595948264,13.533430639,0.000000000,0.000000000,0.000000000,398.120581942,0.184222778,-0.002821383, 144.335,24.500, 0.000,0.000,0.000, 0,0.000,0,1076833268,0
262,185.033172923,138.837781521,391.176030278,-7.289427081,4.914101261,10.928077151,0.000000000,0.000000000,0.000000000,399.552539066,0.169429332,-0.004742619, 146.014,38.815, 0.000,0.000,0.000, 0,0.000,0,1076833268,0
263,184.209076085,139.385256919,392.161118207,-9.117379796,5.996037194,8.863872977,0.000000000,0.000000000,0.000000000,400.948699207,0.131101826,-0.007808446, 146.669,50.914, 0.000,0.000,0.000, 0,0.000,0,1076833268,0
264,183.224722943,140.029115057,392.966843184,-10.494553138,6.841756064,7.340818117,0.000000000,0.000000000,0.000000000,402.374426091,0.087775793,-0.014351270, 146.898,59.631, 0.000,0.000,0.000, 0,0.000,0,1076833268,0
265,182.125191436,140.745734230,393.647320140,-11.420947108,7.451257872,6.358912572,0.000000000,0.000000000,0.000000000,403.852790546,0.049163778,-0.036945680, 146.879,65.000, 0.000,0.000,0.000, 0,0.000,0,1076833268,0
266,180.955559501,141.511492729,394.256664008,-11.896561706,7.824542616,5.918156340,0.000000000,0.000000000,0.000000000,405.377823298,0.016647579,-0.278129783, 146.666,67.431, 0.000,0.000,0.000, 0,0.000,0,1076833268,0
267,179.760905074,142.302768851,394.848989719,-11.921396931,7.961610296,6.018549423,0.000000000,0.000000000,0.000000000,406.928360897,0.017463119,-0.240558260, 146.263,67.226, 0.000,0.000,0.000, 0,0.000,0,1076833268,0
268,178.586306094,143.095940887,395.478412203,-11.495452784,7.862460914,6.660091820,0.000000000,0.000000000,0.000000000,408.479159823,0.047904511,-0.033359352, 145.629,64.442, 0.000,0.000,0.000, 0,0.000,0,1076833268,0
269,177.476840496,143.867387131,396.199046393,-10.618729265,7.527094469,7.842783531,0.000000000,0.000000000,0.000000000,410.010615619,0.081387668,-0.012703738, 144.669,58.929, 0.000,0.000,0.000, 0,0.000,0,1076833268,0
270,176.477586220,144.593485878,397.065007220,-9.291226374,6.955510960,9.566624556,0.000000000,0.000000000,0.000000000,411.519130337,0.115816972,0.013441088, 143.181,50.503, 0.000,0.000,0.000, 0,0.000,0,1076833268,0
271,175.624363656,145.256126576,398.117305751,-7.790670445,6.313045031,11.438498961,0.000000000,0.000000000,0.000000000,413.027246259,0.101462575,0.016367113, 140.981,41.239, 0.000,0.000,0.000, 0,0.000,0,1076833268,0
272,174.915963021,145.859243292,399.344537594,-6.394787814,5.765031324,13.065290812,0.000000000,0.000000000,0.000000000,414.567271983,0.084880766,0.019742036, 137.965,33.384, 0.000,0.000,0.000, 0,0.000,0,1076833268,0
273,174.341916983,146.412281248,400.722194495,-5.103578480,5.311469840,14.447000109,0.000000000,0.000000000,0.000000000,416.158912134,0.068925900,0.024160435, 133.856,27.015, 0.000,0.000,0.000, 0,0.000,0,1076833268,0
274,173.891758215,146.924685667,402.225768197,-3.917042444,4.952360578,15.583626852,0.000000000,0.000000000,0.000000000,417.809952740,0.054933690,0.030610324, 128.342,22.057, 0.000,0.000,0.000, 0,0.000,0,1076833268,0
275,173.555019385,147.405901771,403.830750447,-2.835179706,4.687703538,16.475171041,0.000000000,0.000000000,0.000000000,419.519025588,0.043234897,0.040767979, 121.166,18.393, 0.000,0.000,0.000, 0,0.000,0,1076833268,0
276,173.321233164,147.865374782,405.512632987,-1.857990265,4.517498720,17.121632675,0.000000000,0.000000000,0.000000000,421.278144778,0.033753871,0.057509721, 112.357,15.923, 0.000,0.000,0.000, 0,0.000,0,1076833268,0
277,173.179932222,148.312549923,407.246907563,-0.985474121,4.441746125,17.523011756,0.000000000,0.000000000,0.000000000,423.074708128,0.026445015,0.084775006, 102.509,14.555, 0.000,0.000,0.000, 0,0.000,0,1076833268,0
278,173.120649229,148.756872415,409.009065920,-0.217631276,4.460445752,17.679308282,0.000000000,0.000000000,0.000000000,424.892987265,0.021633909,0.121327676, 92.793,14.176, 0.000,0.000,0.000, 0,0.000,0,1076833268,0
279,173.132916857,149.207787480,410.774599801,0.445538273,4.573597602,17.590522254,0.000000000,0.000000000,0.000000000,426.715234443,0.020147342,0.142393368, 84.436,14.640, 0.000,0.000,0.000, 0,0.000,0,1076833268,0
280,173.206267774,149.674740342,412.519000952,1.004034524,4.781201673,17.256653671,0.000000000,0.000000000,0.000000000,428.522542029,0.022621096,-0.020640128, 78.140,15.807, 0.000,0.000,0.000, 0,0.000,0,1076833268,0
281,173.331369153,150.164903429,414.223440110,1.491892514,5.015074161,16.848072328,0.000000000,0.000000000,0.000000000,430.300468644,0.020217965,-0.028522927, 73.433,17.253, 0.000,0.000,0.000, 0,0.000,0,1076833268,0
282,173.503426169,150.676357995,415.891803985,1.943147280,5.207031259,16.535148015,0.000000000,0.000000000,0.000000000,432.053930195,0.017604040,-0.040253170, 69.536,18.579, 0.000,0.000,0.000, 0,0.000,0,1076833268,0
283,173.718778501,151.204912501,417.533658281,2.357798823,5.357072967,16.317880732,0.000000000,0.000000000,0.000000000,433.792156883,0.014972235,-0.057768545, 66.244,19.732, 0.000,0.000,0.000, 0,0.000,0,1076833268,0
284,173.973765826,151.746375409,419.158568699,2.735847141,5.465199285,16.196270481,0.000000000,0.000000000,0.000000000,435.523784581,0.012595035,-0.082336424, 63.408,20.674, 0.000,0.000,0.000, 0,0.000,0,1076833268,0
285,174.264727822,152.296555178,420.776100944,3.077292236,5.531410213,16.170317260,0.000000000,0.000000000,0.000000000,437.256922552,0.010845107,-0.108994709, 60.911,21.378, 0.000,0.000,0.000, 0,0.000,0,1076833268,0
286,174.588004166,152.851260272,422.395820719,3.382134107,5.555705751,16.240021071,0.000000000,0.000000000,0.000000000,438.999247862,0.010120349,-0.119727216, 58.668,21.826, 0.000,0.000,0.000, 0,0.000,0,1076833268,0
287,174.939934536,153.406299149,424.027293726,3.650372754,5.538085899,16.405381912,0.000000000,0.000000000,0.000000000,440.758118895,0.010563158,-0.102603112, 56.610,22.014, 0.000,0.000,0.000, 0,0.000,0,1076833268,0
288,175.316858609,153.957480272,425.680085669,3.882008177,5.478550658,16.666399784,0.000000000,0.000000000,0.000000000,442.540699495,0.011890738,-0.073875003, 54.679,21.943, 0.000,0.000,0.000, 0,0.000,0,1076833268,0
289,175.715116064,154.500612101,427.363762251,4.077040377,5.377100026,17.023074687,0.000000000,0.000000000,0.000000000,444.354085283,0.013661064,-0.049955310, 52.830,21.624, 0.000,0.000,0.000, 0,0.000,0,1076833268,0
290,176.131046577,155.031503097,429.087889174,4.235469352,5.233734004,17.475406620,0.000000000,0.000000000,0.000000000,446.205424552,0.015533489,-0.005705146, 51.018,21.070, 0.000,0.000,0.000, 0,0.000,0,1076833268,0
291,176.560494662,155.548796474,430.857379597,4.342440152,5.133495142,17.883819214,0.000000000,0.000000000,0.000000000,448.098336185,0.008962231,-0.015199684, 49.772,20.605, 0.000,0.000,0.000, 0,0.000,0,1076833268,0
292,176.997324170,156.062474449,432.658536493,4.383097823,5.161425990,18.108736098,0.000000000,0.000000000,0.000000000,450.021575964,0.004335207,-0.060510214, 49.662,20.502, 0.000,0.000,0.000, 0,0.000,0,1076833268,0
293,177.434903789,156.585353995,434.473010293,4.357442365,5.317526546,18.150157271,0.000000000,0.000000000,0.000000000,451.959924259,0.006195918,-0.028941497, 50.667,20.745, 0.000,0.000,0.000, 0,0.000,0,1076833268,0
294,177.866602205,157.130252082,436.282451424,4.265473779,5.601796812,18.008082734,0.000000000,0.000000000,0.000000000,453.898313965,0.011710452,-0.008286992, 52.713,21.355, 0.000,0.000,0.000, 0,0.000,0,1076833268,0
295,178.285788107,157.709985681,438.068510316,4.107192065,6.014236786,17.682512486,0.000000000,0.000000000,0.000000000,455.822323901,0.018094168,-0.003708495, 55.670,22.385, 0.000,0.000,0.000, 0,0.000,0,1076833268,0
296,178.685830181,158.337371763,439.812837397,3.882597222,6.554846470,17.173446529,0.000000000,0.000000000,0.000000000,457.718721518,0.025230172,-0.002121506, 59.361,23.923, 0.000,0.000,0.000, 0,0.000,0,1076833268,0
297,179.060097114,159.025227299,441.497083098,3.591689251,7.223625863,16.480884860,0.000000000,0.000000000,0.000000000,459.576113387,0.033301734,-0.001402894, 63.563,26.081, 0.000,0.000,0.000, 0,0.000,0,1076833268,0
298,179.401957593,159.786369259,443.102897846,3.234468151,8.020574966,15.604827482,0.000000000,0.000000000,0.000000000,461.385767132,0.042504615,-0.001019295, 68.037,28.995, 0.000,0.000,0.000, 0,0.000,0,1076833268,0
299,179.704780306,160.633614616,444.611932071,2.810933923,8.945693777,14.545274393,0.000000000,0.000000000,0.000000000,463.142670823,0.052926770,-0.000789196, 72.556,32.809, 0.000,0.000,0.000, 0,0.000,0,1076833268,0
300,179.961933940,161.579780339,446.005836201,2.321086566,9.998982298,13.302225594,0.000000000,0.000000000,0.000000000,464.846879229,0.064382359,-0.000000000, 76.931,37.656, 0.000,0.000,0.000, 0,0.000,0,1076833268,0
301,180.168764074,162.633684948,447.271543589,1.824232841,11.060487005,12.034168773,0.000000000,0.000000000,0.000000000,466.506851766,0.060479013,0.000000000, 80.634,42.969, 0.000,0.000,0.000, 0,0.000,0,1076833268,0
302,180.328523855,163.788153162,448.417119278,1.379679508,12.010254374,10.899591617,0.000000000,0.000000000,0.000000000,468.141068307,0.054881699,-0.000000000, 83.447,47.962, 0.000,0.000,0.000, 0,0.000,0,1076833268,0
303,180.446443322,165.032011245,449.455911234,0.987426568,12.848284405,9.898494126,0.000000000,0.000000000,0.000000000,469.765930351,0.048188306,0.000000000, 85.605,52.470, 0.000,0.000,0.000, 0,0.000,0,1076833268,0
304,180.527752515,166.354085465,450.401267425,0.647474019,13.574577099,9.030876301,0.000000000,0.000000000,0.000000000,471.393256303,0.040961181,-0.000000000, 87.269,56.395, 0.000,0.000,0.000, 0,0.000,0,1076833268,0
305,180.577681472,167.743202087,451.266535816,0.359821863,14.189132455,8.296738141,0.000000000,0.000000000,0.000000000,473.030579509,0.033622647,0.000000000, 88.547,59.692, 0.000,0.000,0.000, 0,0.000,0,1076833268,0
306,180.601460234,169.188187378,452.065064375,0.124470098,14.691950474,7.696079646,0.000000000,0.000000000,0.000000000,474.681699062,0.026428623,-0.000000000, 89.515,62.354, 0.000,0.000,0.000, 0,0.000,0,1076833268,0
307,180.604318838,170.677867604,452.810201068,-0.058581274,15.083031156,7.228900817,0.000000000,0.000000000,0.000000000,476.347347296,0.019491316,-0.000000000, 90.223,64.393, 0.000,0.000,0.000, 0,0.000,0,1076833268,0
308,180.591487325,172.201069031,453.515293861,-0.189332254,15.362374500,6.895201654,0.000000000,0.000000000,0.000000000,478.025877332,0.012818991,-0.000000000, 90.706,65.829, 0.000,0.000,0.000, 0,0.000,0,1076833268,0
309,180.568195734,173.746617926,454.193690721,-0.267782843,15.529980506,6.694982156,0.000000000,0.000000000,0.000000000,479.713919447,0.006353649,-0.000000000, 90.988,66.682, 0.000,0.000,0.000, 0,0.000,0,1076833268,0
310,180.539674103,175.303340554,454.858739614,-0.293933039,15.585849175,6.628242323,0.000000000,0.000000000,0.000000000,481.406990283,0.000000000,0.000000000, 91.080,66.965, 0.000,0.000,0.000, 0,0.000,0,1076833268,0
n_element,310
0, 1, 2, 0, 1
1, 1, 2, 1, 2
2, 1, 2, 2, 3
3, 1, 2, 3, 4
4, 1, 2, 4, 5
5, 1, 2, 5, 6
6, 1, 2, 6, 7
7, 1, 2, 7, 8
8, 1, 2, 8, 9
9, 1, 2, 9, 10
10, 1, 2, 10, 11
11, 1, 2, 11, 12
12, 1, 2, 12, 13
13, 1, 2, 13, 14
14, 1, 2, 14, 15
15, 1, 2, 15, 16
16, 1, 2, 16, 17
17, 1, 2, 17, 18
18, 1, 2, 18, 19
19, 1, 2, 19, 20
20, 1, 2, 20, 21
21, 1, 2, 21, 22
22, 1, 2, 22, 23
23, 1, 2, 23, 24
24, 1, 2, 24, 25
25, 1, 2, 25, 26
26, 1, 2, 26, 27
27, 1, 2, 27, 28
28, 1, 2, 28, 29
29, 1, 2, 29, 30
30, 1, 2, 30, 31
31, 1, 2, 31, 32
32, 1, 2, 32, 33
33, 1, 2, 33, 34
34, 1, 2, 34, 35
35, 1, 2, 35, 36
36, 1, 2, 36, 37
37, 1, 2, 37, 38
38, 1, 2, 38, 39
39, 1, 2, 39, 40
40, 1, 2, 40, 41
41, 1, 2, 41, 42
42, 1, 2, 42, 43
43, 1, 2, 43, 44
44, 1, 2, 44, 45
45, 1, 2, 45, 46
46, 1, 2, 46, 47
47, 1, 2, 47, 48
48, 1, 2, 48, 49
49, 1, 2, 49, 50
50, 1, 2, 50, 51
51, 1, 2, 51, 52
52, 1, 2, 52, 53
53, 1, 2, 53, 54
54, 1, 2, 54, 55
55, 1, 2, 55, 56
56, 1, 2, 56, 57
57, 1, 2, 57, 58
58, 1, 2, 58, 59
59, 1, 2, 59, 60
60, 1, 2, 60, 61
61, 1, 2, 61, 62
62, 1, 2, 62, 63
63, 1, 2, 63, 64
64, 1, 2, 64, 65
65, 1, 2, 65, 66
66, 1, 2, 66, 67
67, 1, 2, 67, 68
68, 1, 2, 68, 69
69, 1, 2, 69, 70
70, 1, 2, 70, 71
71, 1, 2, 71, 72
72, 1, 2, 72, 73
73, 1, 2, 73, 74
74, 1, 2, 74, 75
75, 1, 2, 75, 76
76, 1, 2, 76, 77
77, 1, 2, 77, 78
78, 1, 2, 78, 79
79, 1, 2, 79, 80
80, 1, 2, 80, 81
81, 1, 2, 81, 82
82, 1, 2, 82, 83
83, 1, 2, 83, 84
84, 1, 2, 84, 85
85, 1, 2, 85, 86
86, 1, 2, 86, 87
87, 1, 2, 87, 88
88, 1, 2, 88, 89
89, 1, 2, 89, 90
90, 1, 2, 90, 91
91, 1, 2, 91, 92
92, 1, 2, 92, 93
93, 1, 2, 93, 94
94, 1, 2, 94, 95
95, 1, 2, 95, 96
96, 1, 2, 96, 97
97, 1, 2, 97, 98
98, 1, 2, 98, 99
99, 1, 2, 99, 100
100, 1, 2, 100, 101
101, 1, 2, 101, 102
102, 1, 2, 102, 103
103, 1, 2, 103, 104
104, 1, 2, 104, 105
105, 1, 2, 105, 106
106, 1, 2, 106, 107
107, 1, 2, 107, 108
108, 1, 2, 108, 109
109, 1, 2, 109, 110
110, 1, 2, 110, 111
111, 1, 2, 111, 112
112, 1, 2, 112, 113
113, 1, 2, 113, 114
114, 1, 2, 114, 115
115, 1, 2, 115, 116
116, 1, 2, 116, 117
117, 1, 2, 117, 118
118, 1, 2, 118, 119
119, 1, 2, 119, 120
120, 1, 2, 120, 121
121, 1, 2, 121, 122
122, 1, 2, 122, 123
123, 1, 2, 123, 124
124, 1, 2, 124, 125
125, 1, 2, 125, 126
126, 1, 2, 126, 127
127, 1, 2, 127, 128
128, 1, 2, 128, 129
129, 1, 2, 129, 130
130, 1, 2, 130, 131
131, 1, 2, 131, 132
132, 1, 2, 132, 133
133, 1, 2, 133, 134
134, 1, 2, 134, 135
135, 1, 2, 135, 136
136, 1, 2, 136, 137
137, 1, 2, 137, 138
138, 1, 2, 138, 139
139, 1, 2, 139, 140
140, 1, 2, 140, 141
141, 1, 2, 141, 142
142, 1, 2, 142, 143
143, 1, 2, 143, 144
144, 1, 2, 144, 145
145, 1, 2, 145, 146
146, 1, 2, 146, 147
147, 1, 2, 147, 148
148, 1, 2, 148, 149
149, 1, 2, 149, 150
150, 1, 2, 150, 151
151, 1, 2, 151, 152
152, 1, 2, 152, 153
153, 1, 2, 153, 154
154, 1, 2, 154, 155
155, 1, 2, 155, 156
156, 1, 2, 156, 157
157, 1, 2, 157, 158
158, 1, 2, 158, 159
159, 1, 2, 159, 160
160, 1, 2, 160, 161
161, 1, 2, 161, 162
162, 1, 2, 162, 163
163, 1, 2, 163, 164
164, 1, 2, 164, 165
165, 1, 2, 165, 166
166, 1, 2, 166, 167
167, 1, 2, 167, 168
168, 1, 2, 168, 169
169, 1, 2, 169, 170
170, 1, 2, 170, 171
171, 1, 2, 171, 172
172, 1, 2, 172, 173
173, 1, 2, 173, 174
174, 1, 2, 174, 175
175, 1, 2, 175, 176
176, 1, 2, 176, 177
177, 1, 2, 177, 178
178, 1, 2, 178, 179
179, 1, 2, 179, 180
180, 1, 2, 180, 181
181, 1, 2, 181, 182
182, 1, 2, 182, 183
183, 1, 2, 183, 184
184, 1, 2, 184, 185
185, 1, 2, 185, 186
186, 1, 2, 186, 187
187, 1, 2, 187, 188
188, 1, 2, 188, 189
189, 1, 2, 189, 190
190, 1, 2, 190, 191
191, 1, 2, 191, 192
192, 1, 2, 192, 193
193, 1, 2, 193, 194
194, 1, 2, 194, 195
195, 1, 2, 195, 196
196, 1, 2, 196, 197
197, 1, 2, 197, 198
198, 1, 2, 198, 199
199, 1, 2, 199, 200
200, 1, 2, 200, 201
201, 1, 2, 201, 202
202, 1, 2, 202, 203
203, 1, 2, 203, 204
204, 1, 2, 204, 205
205, 1, 2, 205, 206
206, 1, 2, 206, 207
207, 1, 2, 207, 208
208, 1, 2, 208, 209
209, 1, 2, 209, 210
210, 1, 2, 210, 211
211, 1, 2, 211, 212
212, 1, 2, 212, 213
213, 1, 2, 213, 214
214, 1, 2, 214, 215
215, 1, 2, 215, 216
216, 1, 2, 216, 217
217, 1, 2, 217, 218
218, 1, 2, 218, 219
219, 1, 2, 219, 220
220, 1, 2, 220, 221
221, 1, 2, 221, 222
222, 1, 2, 222, 223
223, 1, 2, 223, 224
224, 1, 2, 224, 225
225, 1, 2, 225, 226
226, 1, 2, 226, 227
227, 1, 2, 227, 228
228, 1, 2, 228, 229
229, 1, 2, 229, 230
230, 1, 2, 230, 231
231, 1, 2, 231, 232
232, 1, 2, 232, 233
233, 1, 2, 233, 234
234, 1, 2, 234, 235
235, 1, 2, 235, 236
236, 1, 2, 236, 237
237, 1, 2, 237, 238
238, 1, 2, 238, 239
239, 1, 2, 239, 240
240, 1, 2, 240, 241
241, 1, 2, 241, 242
242, 1, 2, 242, 243
243, 1, 2, 243, 244
244, 1, 2, 244, 245
245, 1, 2, 245, 246
246, 1, 2, 246, 247
247, 1, 2, 247, 248
248, 1, 2, 248, 249
249, 1, 2, 249, 250
250, 1, 2, 250, 251
251, 1, 2, 251, 252
252, 1, 2, 252, 253
253, 1, 2, 253, 254
254, 1, 2, 254, 255
255, 1, 2, 255, 256
256, 1, 2, 256, 257
257, 1, 2, 257, 258
258, 1, 2, 258, 259
259, 1, 2, 259, 260
260, 1, 2, 260, 261
261, 1, 2, 261, 262
262, 1, 2, 262, 263
263, 1, 2, 263, 264
264, 1, 2, 264, 265
265, 1, 2, 265, 266
266, 1, 2, 266, 267
267, 1, 2, 267, 268
268, 1, 2, 268, 269
269, 1, 2, 269, 270
270, 1, 2, 270, 271
271, 1, 2, 271, 272
272, 1, 2, 272, 273
273, 1, 2, 273, 274
274, 1, 2, 274, 275
275, 1, 2, 275, 276
276, 1, 2, 276, 277
277, 1, 2, 277, 278
278, 1, 2, 278, 279
279, 1, 2, 279, 280
280, 1, 2, 280, 281
281, 1, 2, 281, 282
282, 1, 2, 282, 283
283, 1, 2, 283, 284
284, 1, 2, 284, 285
285, 1, 2, 285, 286
286, 1, 2, 286, 287
287, 1, 2, 287, 288
288, 1, 2, 288, 289
289, 1, 2, 289, 290
290, 1, 2, 290, 291
291, 1, 2, 291, 292
292, 1, 2, 292, 293
293, 1, 2, 293, 294
294, 1, 2, 294, 295
295, 1, 2, 295, 296
296, 1, 2, 296, 297
297, 1, 2, 297, 298
298, 1, 2, 298, 299
299, 1, 2, 299, 300
300, 1, 2, 300, 301
301, 1, 2, 301, 302
302, 1, 2, 302, 303
303, 1, 2, 303, 304
304, 1, 2, 304, 305
305, 1, 2, 305, 306
306, 1, 2, 306, 307
307, 1, 2, 307, 308
308, 1, 2, 308, 309
309, 1, 2, 309, 310
