File,DropRatio,Points,MaxDist,MeanDist
BG0001_L_siphon_lab.vtk,0.1,31,0.29428539508150026,0.1376028769939871
BG0001_L_siphon_lab.vtk,0.2,27,0.2363529951251973,0.10405913665110263
BG0001_L_siphon_lab.vtk,0.30000000000000004,22,0.1482502995844382,0.06488795051450252
BG0001_L_siphon_lab.vtk,0.4,20,0.11399119808898273,0.050918181441447566
BG0001_L_siphon_lab.vtk,0.5,17,0.07088041492964142,0.034061614861403036
BG0001_L_siphon_lab.vtk,0.6,15,0.049965074705654755,0.025190506570106574
BG0001_L_siphon_lab.vtk,0.7000000000000001,13,0.0303572415978966,0.016201351544450647
BG0001_L_siphon_lab.vtk,0.8,9,0.008599390682877989,0.005793636933573017
BG0001_L_siphon_lab.vtk,0.9,6,0.003366538196320129,0.002176584428968462
BG0001_R_siphon_lab.vtk,0.1,33,0.18756951949400782,0.046853003631142545
BG0001_R_siphon_lab.vtk,0.2,28,0.09457529105469478,0.020788470314937996
BG0001_R_siphon_lab.vtk,0.30000000000000004,24,0.0292174294475335,0.009415778324310948
BG0001_R_siphon_lab.vtk,0.4,20,0.013407980752184856,0.006546633714522669
BG0001_R_siphon_lab.vtk,0.5,17,0.012452552757922258,0.005285192139237232
BG0001_R_siphon_lab.vtk,0.6,14,0.009045648824299785,0.004210905579880291
BG0001_R_siphon_lab.vtk,0.7000000000000001,13,0.00690363450968326,0.003154248204558502
BG0001_R_siphon_lab.vtk,0.8,9,0.002227956110360224,0.001334422492761941
BG0001_R_siphon_lab.vtk,0.9,6,0.00042366195768218234,0.00035518082966607317
BG0004_L_siphon_lab.vtk,0.1,32,0.0749625851068152,0.030807241240068412
BG0004_L_siphon_lab.vtk,0.2,26,0.045398829021441656,0.020633790970488328
BG0004_L_siphon_lab.vtk,0.30000000000000004,22,0.03070413592482124,0.013739752232419905
BG0004_L_siphon_lab.vtk,0.4,19,0.028200082108264635,0.010702985033148153
BG0004_L_siphon_lab.vtk,0.5,17,0.01669267357037374,0.00658805811358049
BG0004_L_siphon_lab.vtk,0.6,13,0.008502158341957833,0.003320692630127031
BG0004_L_siphon_lab.vtk,0.7000000000000001,11,0.00392628228366565,0.001998751733051096
BG0004_L_siphon_lab.vtk,0.8,8,0.0010101384080585946,0.0005386891793998645
BG0004_L_siphon_lab.vtk,0.9,6,0.0006019412891752896,0.00032329326396626665
BG0004_R_siphon_lab.vtk,0.1,29,0.07388022094767388,0.031423500308682954
BG0004_R_siphon_lab.vtk,0.2,24,0.045380470769813885,0.01895018003808584
BG0004_R_siphon_lab.vtk,0.30000000000000004,21,0.030303332237006653,0.01283384735555681
BG0004_R_siphon_lab.vtk,0.4,16,0.013025073991250302,0.00582585886319067
BG0004_R_siphon_lab.vtk,0.5,15,0.008263650416696078,0.004644262077117076
BG0004_R_siphon_lab.vtk,0.6,12,0.006213800962877325,0.0025201065068764152
BG0004_R_siphon_lab.vtk,0.7000000000000001,9,0.00201128454026267,0.0010392495751097486
BG0004_R_siphon_lab.vtk,0.8,7,0.0008018146419555838,0.0005163142537648721
BG0004_R_siphon_lab.vtk,0.9,5,0.00042233636090965865,0.0002282541735285616
BG0006_L_siphon_lab.vtk,0.1,29,0.3195847897781321,0.13656693009752266
BG0006_L_siphon_lab.vtk,0.2,22,0.17384329341331606,0.07776094644799393
BG0006_L_siphon_lab.vtk,0.30000000000000004,18,0.10368589483377377,0.04858734165317871
BG0006_L_siphon_lab.vtk,0.4,15,0.06665844316253122,0.0319831430878156
BG0006_L_siphon_lab.vtk,0.5,13,0.04132672599191012,0.021698922050062745
BG0006_L_siphon_lab.vtk,0.6,11,0.026070083863638294,0.013891060083050643
BG0006_L_siphon_lab.vtk,0.7000000000000001,8,0.009403849288741467,0.006421768116602773
BG0006_L_siphon_lab.vtk,0.8,7,0.005758039725663772,0.004126211615746996
BG0006_L_siphon_lab.vtk,0.9,5,0.002556752124260278,0.0014738274249162901
BG0006_R_siphon_lab.vtk,0.1,36,0.07555657535823906,0.04436203135474682
BG0006_R_siphon_lab.vtk,0.2,32,0.08471350517455552,0.038634346432413674
BG0006_R_siphon_lab.vtk,0.30000000000000004,27,0.07197391418565943,0.02654738943661364
BG0006_R_siphon_lab.vtk,0.4,23,0.05314938843766369,0.017805705089573715
BG0006_R_siphon_lab.vtk,0.5,20,0.02962783596058527,0.010271181572998705
BG0006_R_siphon_lab.vtk,0.6,17,0.020659488570168687,0.007017856282127015
BG0006_R_siphon_lab.vtk,0.7000000000000001,14,0.007728804308270526,0.0029327916931092732
BG0006_R_siphon_lab.vtk,0.8,10,0.002067855001459562,0.000957473560407336
BG0006_R_siphon_lab.vtk,0.9,7,0.0004055555399607412,0.00016466739086998234
BG0007_L_siphon_lab.vtk,0.1,36,0.48629586443224493,0.19133640526015128
BG0007_L_siphon_lab.vtk,0.2,35,0.4604887244136713,0.18093111536055012
BG0007_L_siphon_lab.vtk,0.30000000000000004,33,0.3934220767601174,0.15629932138157054
BG0007_L_siphon_lab.vtk,0.4,30,0.29531548050896184,0.1239634595577766
BG0007_L_siphon_lab.vtk,0.5,27,0.22113382812901183,0.09502422288566556
BG0007_L_siphon_lab.vtk,0.6,24,0.1706455077602157,0.0715554248478801
BG0007_L_siphon_lab.vtk,0.7000000000000001,20,0.11033376547506779,0.04906828625503444
BG0007_L_siphon_lab.vtk,0.8,12,0.030507803871842543,0.016317883726145604
BG0007_L_siphon_lab.vtk,0.9,8,0.009965954207922761,0.00654457868133396
BG0007_R_siphon_lab.vtk,0.1,32,0.02848713998792418,0.00795939447109656
BG0007_R_siphon_lab.vtk,0.2,32,0.02848713998792418,0.00795939447109656
BG0007_R_siphon_lab.vtk,0.30000000000000004,27,0.013618885968481417,0.00667561254375466
BG0007_R_siphon_lab.vtk,0.4,24,0.013718963413281368,0.006726376268830586
BG0007_R_siphon_lab.vtk,0.5,20,0.012708159225343046,0.007133826918217024
BG0007_R_siphon_lab.vtk,0.6,16,0.010771150313020006,0.006063443966176702
BG0007_R_siphon_lab.vtk,0.7000000000000001,14,0.009220093477466301,0.005029939618767367
BG0007_R_siphon_lab.vtk,0.8,10,0.004362700649787887,0.002744907656145873
BG0007_R_siphon_lab.vtk,0.9,7,0.001881623141090527,0.0014578208754002678
BG0008_L_siphon_lab.vtk,0.1,28,0.2234985183578524,0.05633729162396916
BG0008_L_siphon_lab.vtk,0.2,28,0.2234985183578524,0.05633729162396916
BG0008_L_siphon_lab.vtk,0.30000000000000004,28,0.2234985183578524,0.05633729162396916
BG0008_L_siphon_lab.vtk,0.4,25,0.2095842223131319,0.05290665622096568
BG0008_L_siphon_lab.vtk,0.5,22,0.14467138259599532,0.03689948498392292
BG0008_L_siphon_lab.vtk,0.6,17,0.058027730250074905,0.016794865062627156
BG0008_L_siphon_lab.vtk,0.7000000000000001,15,0.033568142523289435,0.010031496811878371
BG0008_L_siphon_lab.vtk,0.8,11,0.009184012291303723,0.003418270161319195
BG0008_L_siphon_lab.vtk,0.9,7,0.0012017754292122929,0.0007351762778427703
BG0008_R_siphon_lab.vtk,0.1,30,0.021839983679726484,0.011560916497023956
BG0008_R_siphon_lab.vtk,0.2,29,0.021824307578615823,0.011804804555571959
BG0008_R_siphon_lab.vtk,0.30000000000000004,28,0.021738335306735752,0.011990288273499919
BG0008_R_siphon_lab.vtk,0.4,27,0.02126268372414529,0.011746195860036559
BG0008_R_siphon_lab.vtk,0.5,26,0.023510708327295404,0.011171836353116804
BG0008_R_siphon_lab.vtk,0.6,22,0.022721293517966992,0.009555780453277936
BG0008_R_siphon_lab.vtk,0.7000000000000001,18,0.016136277756658463,0.007599365261265017
BG0008_R_siphon_lab.vtk,0.8,14,0.008147122514758687,0.004441561129147614
BG0008_R_siphon_lab.vtk,0.9,9,0.002443659460177161,0.001490247140106113
BG0009_L_siphon_lab.vtk,0.1,37,0.3797715663184639,0.12568722715836253
BG0009_L_siphon_lab.vtk,0.2,34,0.32557864707744166,0.11567301806157938
BG0009_L_siphon_lab.vtk,0.30000000000000004,30,0.23595663077908707,0.08997858423048204
BG0009_L_siphon_lab.vtk,0.4,26,0.15476895983149253,0.05956951000095363
BG0009_L_siphon_lab.vtk,0.5,21,0.0845561795409675,0.03531552942877265
BG0009_L_siphon_lab.vtk,0.6,18,0.05090111248986262,0.02254559884073748
BG0009_L_siphon_lab.vtk,0.7000000000000001,15,0.03070328886803797,0.014102435072314613
BG0009_L_siphon_lab.vtk,0.8,12,0.013619182287095577,0.00716380404970396
BG0009_L_siphon_lab.vtk,0.9,8,0.003415087357122648,0.002595331268724162
BG0009_R_siphon_lab.vtk,0.1,31,0.20202019597412146,0.043539932529129154
BG0009_R_siphon_lab.vtk,0.2,29,0.1963341324210186,0.046166134668924906
BG0009_R_siphon_lab.vtk,0.30000000000000004,24,0.10332049181589609,0.026557542358551317
BG0009_R_siphon_lab.vtk,0.4,19,0.01544681807784265,0.005960145172842585
BG0009_R_siphon_lab.vtk,0.5,17,0.009602116611970857,0.004244904226223013
BG0009_R_siphon_lab.vtk,0.6,13,0.0031639309843891628,0.0016909256102874896
BG0009_R_siphon_lab.vtk,0.7000000000000001,11,0.002278061462841874,0.0010153272545985325
BG0009_R_siphon_lab.vtk,0.8,9,0.0009918057916669665,0.0005502718440655932
BG0009_R_siphon_lab.vtk,0.9,5,0.00020656411847716494,0.00011917672519987064
BG0010_L_siphon_lab.vtk,0.1,42,0.5217593247125258,0.1842626354087128
BG0010_L_siphon_lab.vtk,0.2,42,0.5217593247125258,0.1842626354087128
BG0010_L_siphon_lab.vtk,0.30000000000000004,37,0.4259841991231158,0.17140720421625172
BG0010_L_siphon_lab.vtk,0.4,32,0.31495277836618285,0.13928255794696098
BG0010_L_siphon_lab.vtk,0.5,20,0.08215656548225975,0.02583274407656779
BG0010_L_siphon_lab.vtk,0.6,15,0.01883382408931311,0.0057372355303707545
BG0010_L_siphon_lab.vtk,0.7000000000000001,11,0.0018488890373558886,0.0009285106670884916
BG0010_L_siphon_lab.vtk,0.8,9,0.0009891439520756107,0.0005478999178493704
BG0010_L_siphon_lab.vtk,0.9,5,9.142889928415165e-05,5.7694982458701694e-05
BG0010_R_siphon_lab.vtk,0.1,35,0.3576811770573114,0.15477967848697366
BG0010_R_siphon_lab.vtk,0.2,32,0.29604261911559726,0.1318118085368294
BG0010_R_siphon_lab.vtk,0.30000000000000004,30,0.262160405056999,0.11570554692865796
BG0010_R_siphon_lab.vtk,0.4,24,0.1564855021408047,0.07025779132448808
BG0010_R_siphon_lab.vtk,0.5,21,0.11154148785547002,0.050738877062333834
BG0010_R_siphon_lab.vtk,0.6,17,0.06246736545062348,0.0302975420551109
BG0010_R_siphon_lab.vtk,0.7000000000000001,14,0.03393469820038447,0.018151026976955923
BG0010_R_siphon_lab.vtk,0.8,11,0.016792988713594303,0.009228481786049292
BG0010_R_siphon_lab.vtk,0.9,7,0.004011980849274233,0.0027325721799924796
BG0011_L_siphon_lab.vtk,0.1,34,0.23649372246576678,0.11309321132480685
BG0011_L_siphon_lab.vtk,0.2,26,0.18357082183419204,0.06256664464750541
BG0011_L_siphon_lab.vtk,0.30000000000000004,20,0.10333992432546191,0.03905989435875598
BG0011_L_siphon_lab.vtk,0.4,17,0.06426332592136252,0.02580398362345214
BG0011_L_siphon_lab.vtk,0.5,13,0.031533709278800726,0.014993899679280966
BG0011_L_siphon_lab.vtk,0.6,11,0.022043898322922917,0.010238934440378968
BG0011_L_siphon_lab.vtk,0.7000000000000001,8,0.007674616909792931,0.004877698847702495
BG0011_L_siphon_lab.vtk,0.8,6,0.003011173923534949,0.0019984219026578675
BG0011_L_siphon_lab.vtk,0.9,4,0.0005465770426551358,0.000343479540547368
BG0011_R_siphon_lab.vtk,0.1,31,0.4313467029851329,0.12544188738361384
BG0011_R_siphon_lab.vtk,0.2,22,0.10212980896310841,0.031530795857732836
BG0011_R_siphon_lab.vtk,0.30000000000000004,19,0.0575708677096306,0.018560608646814275
BG0011_R_siphon_lab.vtk,0.4,15,0.019190709493834945,0.006596016451736501
BG0011_R_siphon_lab.vtk,0.5,13,0.007943135670427037,0.0032413246002353834
BG0011_R_siphon_lab.vtk,0.6,10,0.0027579869803093793,0.0013424028525028434
BG0011_R_siphon_lab.vtk,0.7000000000000001,9,0.0012695910590856396,0.0006888334001151739
BG0011_R_siphon_lab.vtk,0.8,7,0.00015565885372272048,0.00012020040543199242
BG0011_R_siphon_lab.vtk,0.9,4,5.4126827501971286e-05,3.272877025273235e-05
BG0012_L_siphon_lab.vtk,0.1,29,0.0814029635030403,0.02174913519601263
BG0012_L_siphon_lab.vtk,0.2,29,0.0814029635030403,0.02174913519601263
BG0012_L_siphon_lab.vtk,0.30000000000000004,29,0.0814029635030403,0.02174913519601263
BG0012_L_siphon_lab.vtk,0.4,29,0.0814029635030403,0.02174913519601263
BG0012_L_siphon_lab.vtk,0.5,26,0.0628063410254763,0.018287126688905146
BG0012_L_siphon_lab.vtk,0.6,19,0.01377584080094861,0.004734688636256398
BG0012_L_siphon_lab.vtk,0.7000000000000001,16,0.006556800886236516,0.002251078174491608
BG0012_L_siphon_lab.vtk,0.8,12,0.002451721790891273,0.0010442338537621427
BG0012_L_siphon_lab.vtk,0.9,8,0.0004820213396831835,0.0003214797351124908
BG0012_R_siphon_lab.vtk,0.1,32,0.07074190837751931,0.024877362262671766
BG0012_R_siphon_lab.vtk,0.2,28,0.04149828672622727,0.015635131468972774
BG0012_R_siphon_lab.vtk,0.30000000000000004,25,0.027291749769406848,0.01086449449950563
BG0012_R_siphon_lab.vtk,0.4,22,0.01980705910593747,0.008162705798839367
BG0012_R_siphon_lab.vtk,0.5,18,0.010328478885105519,0.0047156956402006605
BG0012_R_siphon_lab.vtk,0.6,16,0.007607176510646449,0.00342610984652537
BG0012_R_siphon_lab.vtk,0.7000000000000001,13,0.003816275577925604,0.0019805954818031056
BG0012_R_siphon_lab.vtk,0.8,11,0.002272180295622775,0.0012421528460762814
BG0012_R_siphon_lab.vtk,0.9,7,0.0003730383850040278,0.00028326616425259575
BG0017_L_siphon_lab.vtk,0.1,37,0.41487907604107654,0.1426451195806725
BG0017_L_siphon_lab.vtk,0.2,31,0.2606530876965524,0.0865648870281774
BG0017_L_siphon_lab.vtk,0.30000000000000004,28,0.1854765736320878,0.06062264442445396
BG0017_L_siphon_lab.vtk,0.4,24,0.11031531779436038,0.03705595676994904
BG0017_L_siphon_lab.vtk,0.5,20,0.05652732172395841,0.020215161051030144
BG0017_L_siphon_lab.vtk,0.6,18,0.03917731355722115,0.014181342993855373
BG0017_L_siphon_lab.vtk,0.7000000000000001,14,0.015112194945562596,0.006082831462757838
BG0017_L_siphon_lab.vtk,0.8,11,0.005220114107154533,0.002560203922846255
BG0017_L_siphon_lab.vtk,0.9,8,0.0011952473665965413,0.0008505569602314511
BG0017_R_siphon_lab.vtk,0.1,32,0.35847591555852665,0.08225339575474083
BG0017_R_siphon_lab.vtk,0.2,27,0.15344901855943827,0.03623475945029369
BG0017_R_siphon_lab.vtk,0.30000000000000004,23,0.06463326948219683,0.0201089231278783
BG0017_R_siphon_lab.vtk,0.4,20,0.029525818310552565,0.01200719488595953
BG0017_R_siphon_lab.vtk,0.5,17,0.01535022298071631,0.006930546256092067
BG0017_R_siphon_lab.vtk,0.6,13,0.006469513300733976,0.0026657783098151316
BG0017_R_siphon_lab.vtk,0.7000000000000001,11,0.005449623989854657,0.0028276918798312563
BG0017_R_siphon_lab.vtk,0.8,9,0.0017382530241597527,0.0009396298555065965
BG0017_R_siphon_lab.vtk,0.9,6,0.0007858199107582398,0.0004993245013620538
BG0018_L_siphon_lab.vtk,0.1,36,0.7068193295681566,0.22774487223782383
BG0018_L_siphon_lab.vtk,0.2,30,0.40628535540635513,0.13293303094515593
BG0018_L_siphon_lab.vtk,0.30000000000000004,25,0.2386374280176592,0.0821217871700985
BG0018_L_siphon_lab.vtk,0.4,20,0.10707893563873427,0.03991059195935883
BG0018_L_siphon_lab.vtk,0.5,16,0.04905192394757252,0.021146615632865823
BG0018_L_siphon_lab.vtk,0.6,14,0.033496352048803746,0.014001588751316648
BG0018_L_siphon_lab.vtk,0.7000000000000001,12,0.01684633361927179,0.008554526842557844
BG0018_L_siphon_lab.vtk,0.8,9,0.005870200861424535,0.003736252495965325
BG0018_L_siphon_lab.vtk,0.9,6,0.001294389294448861,0.0010892444896985418
BG0018_R_siphon_lab.vtk,0.1,32,0.34761802399580466,0.1292472124437256
BG0018_R_siphon_lab.vtk,0.2,32,0.34761802399580466,0.1292472124437256
BG0018_R_siphon_lab.vtk,0.30000000000000004,32,0.34761802399580466,0.1292472124437256
BG0018_R_siphon_lab.vtk,0.4,32,0.34761802399580466,0.1292472124437256
BG0018_R_siphon_lab.vtk,0.5,27,0.21542317064125394,0.08148728905797674
BG0018_R_siphon_lab.vtk,0.6,26,0.1936461104313787,0.07395546700129797
BG0018_R_siphon_lab.vtk,0.7000000000000001,19,0.06629124113847595,0.027406691603200955
BG0018_R_siphon_lab.vtk,0.8,14,0.02108633837357743,0.009652145606909496
BG0018_R_siphon_lab.vtk,0.9,9,0.003904447297761071,0.0024700881086209873
BG0019_L_siphon_lab.vtk,0.1,28,0.19652789951791838,0.059797291374682385
BG0019_L_siphon_lab.vtk,0.2,28,0.19652789951791838,0.059797291374682385
BG0019_L_siphon_lab.vtk,0.30000000000000004,23,0.08343813330053707,0.024683098001128664
BG0019_L_siphon_lab.vtk,0.4,20,0.0414778844990456,0.013136519909885744
BG0019_L_siphon_lab.vtk,0.5,17,0.017238167898019185,0.005993883484943205
BG0019_L_siphon_lab.vtk,0.6,15,0.010734355282294272,0.00345351058158321
BG0019_L_siphon_lab.vtk,0.7000000000000001,13,0.004766948763133827,0.001763812002162578
BG0019_L_siphon_lab.vtk,0.8,10,0.0009655061923415087,0.0004840986396818793
BG0019_L_siphon_lab.vtk,0.9,7,0.00023758631912944306,0.00014058349125122414
BG0019_R_siphon_lab.vtk,0.1,31,0.06793708452797897,0.023879898758381604
BG0019_R_siphon_lab.vtk,0.2,31,0.06793708452797897,0.023879898758381604
BG0019_R_siphon_lab.vtk,0.30000000000000004,25,0.04677356138029176,0.01778977403960397
BG0019_R_siphon_lab.vtk,0.4,21,0.031389460259966695,0.012186063127884405
BG0019_R_siphon_lab.vtk,0.5,19,0.024210663247060005,0.009700600061211291
BG0019_R_siphon_lab.vtk,0.6,16,0.01614242959834944,0.006954414281288118
BG0019_R_siphon_lab.vtk,0.7000000000000001,13,0.00823117416059893,0.0036373559555788184
BG0019_R_siphon_lab.vtk,0.8,11,0.00401955405999932,0.0021576199387449858
BG0019_R_siphon_lab.vtk,0.9,8,0.001600206455988129,0.0011333741000262507
BG0020_L_siphon_lab.vtk,0.1,39,0.1927345001869542,0.0759239171498804
BG0020_L_siphon_lab.vtk,0.2,31,0.13011011224261884,0.05187582284110953
BG0020_L_siphon_lab.vtk,0.30000000000000004,27,0.10096157489438096,0.03811170268265522
BG0020_L_siphon_lab.vtk,0.4,23,0.07994446445590875,0.028754523658570907
BG0020_L_siphon_lab.vtk,0.5,19,0.04336989029843705,0.014870770324299865
BG0020_L_siphon_lab.vtk,0.6,16,0.031752647286495725,0.011953322563206623
BG0020_L_siphon_lab.vtk,0.7000000000000001,13,0.015204474571149706,0.005954087560485825
BG0020_L_siphon_lab.vtk,0.8,10,0.004704867009012653,0.0022743017038530672
BG0020_L_siphon_lab.vtk,0.9,6,0.0005131593317435276,0.000392513639541192
BG0020_R_siphon_lab.vtk,0.1,27,0.10864701639640326,0.03248979082090758
BG0020_R_siphon_lab.vtk,0.2,22,0.05293947494799739,0.017091802053605717
BG0020_R_siphon_lab.vtk,0.30000000000000004,19,0.02826973586307352,0.010061529133070516
BG0020_R_siphon_lab.vtk,0.4,15,0.013092608034855735,0.004802535654850683
BG0020_R_siphon_lab.vtk,0.5,14,0.006585266663797579,0.003398752459270331
BG0020_R_siphon_lab.vtk,0.6,11,0.002351824086137988,0.0011487540804235028
BG0020_R_siphon_lab.vtk,0.7000000000000001,8,0.0009699816123433236,0.0004057870018099529
BG0020_R_siphon_lab.vtk,0.8,7,0.0009692824842556791,0.000463328811645788
BG0020_R_siphon_lab.vtk,0.9,5,0.0001326028506637919,6.877811735472912e-05
BG0021_R_siphon_lab.vtk,0.1,32,0.25428540084823625,0.11046469844404631
BG0021_R_siphon_lab.vtk,0.2,28,0.2086703718411882,0.09774986686063517
BG0021_R_siphon_lab.vtk,0.30000000000000004,26,0.1827326730803278,0.08587807324040252
BG0021_R_siphon_lab.vtk,0.4,23,0.148491643800007,0.06742136671311652
BG0021_R_siphon_lab.vtk,0.5,19,0.09278250076139627,0.04421662057343619
BG0021_R_siphon_lab.vtk,0.6,16,0.05972498731411291,0.03000271437371979
BG0021_R_siphon_lab.vtk,0.7000000000000001,13,0.033016673068535396,0.017253949615791696
BG0021_R_siphon_lab.vtk,0.8,11,0.019779596496261487,0.01118539135354349
BG0021_R_siphon_lab.vtk,0.9,7,0.004761284043099445,0.003113137486915165
BG0022_L_siphon_lab.vtk,0.1,27,0.2437521747463343,0.09001678057108746
BG0022_L_siphon_lab.vtk,0.2,27,0.2437521747463343,0.09001678057108746
BG0022_L_siphon_lab.vtk,0.30000000000000004,27,0.2437521747463343,0.09001678057108746
BG0022_L_siphon_lab.vtk,0.4,27,0.2437521747463343,0.09001678057108746
BG0022_L_siphon_lab.vtk,0.5,27,0.2437521747463343,0.09001678057108746
BG0022_L_siphon_lab.vtk,0.6,27,0.2437521747463343,0.09001678057108746
BG0022_L_siphon_lab.vtk,0.7000000000000001,23,0.19883259546039894,0.07826081436867911
BG0022_L_siphon_lab.vtk,0.8,16,0.0637740260739803,0.028555244141444936
BG0022_L_siphon_lab.vtk,0.9,11,0.01673855413015117,0.00969657984792331
BG0022_R_siphon_lab.vtk,0.1,31,0.01698757219632041,0.009075751239486163
BG0022_R_siphon_lab.vtk,0.2,31,0.01698757219632041,0.009075751239486163
BG0022_R_siphon_lab.vtk,0.30000000000000004,31,0.01698757219632041,0.009075751239486163
BG0022_R_siphon_lab.vtk,0.4,27,0.01785229418798845,0.008837639491220321
BG0022_R_siphon_lab.vtk,0.5,22,0.01846356250439074,0.006130110180720835
BG0022_R_siphon_lab.vtk,0.6,19,0.014157206546075218,0.004799341930022158
BG0022_R_siphon_lab.vtk,0.7000000000000001,15,0.006577480065942387,0.0022882223110978093
BG0022_R_siphon_lab.vtk,0.8,11,0.0018082312783104793,0.0008287574444555097
BG0022_R_siphon_lab.vtk,0.9,7,0.00019827595213710303,0.0001267655132547361
BH0005_L_siphon_lab.vtk,0.1,25,0.34060290867808996,0.06967228959364284
BH0005_L_siphon_lab.vtk,0.2,23,0.33909818769586386,0.0747130312916555
BH0005_L_siphon_lab.vtk,0.30000000000000004,21,0.33430908772650225,0.08074552317637577
BH0005_L_siphon_lab.vtk,0.4,19,0.22531852022111198,0.09201470017150411
BH0005_L_siphon_lab.vtk,0.5,18,0.20695832452190294,0.07214965496056669
BH0005_L_siphon_lab.vtk,0.6,17,0.16605634319654916,0.055642367970562885
BH0005_L_siphon_lab.vtk,0.7000000000000001,15,0.08988757964371989,0.030969054638593837
BH0005_L_siphon_lab.vtk,0.8,12,0.05133631522599487,0.020657610847577734
BH0005_L_siphon_lab.vtk,0.9,7,0.005864488183975666,0.0035722653841804924
BH0005_R_siphon_lab.vtk,0.1,36,0.38154053983190406,0.14662910574682705
BH0005_R_siphon_lab.vtk,0.2,28,0.19442108374476008,0.06201521481948243
BH0005_R_siphon_lab.vtk,0.30000000000000004,22,0.0640651716497096,0.018465761239599858
BH0005_R_siphon_lab.vtk,0.4,19,0.023563578165694765,0.0071272294738294545
BH0005_R_siphon_lab.vtk,0.5,17,0.009722619386508757,0.002961242956249473
BH0005_R_siphon_lab.vtk,0.6,13,0.0008346961288531185,0.0004759795871834299
BH0005_R_siphon_lab.vtk,0.7000000000000001,11,0.0007938259832386274,0.0004262471228959365
BH0005_R_siphon_lab.vtk,0.8,9,0.0005860181295166966,0.00031488948995812106
BH0005_R_siphon_lab.vtk,0.9,5,7.584657927219018e-05,4.155059018360937e-05
BH0006_L_siphon_lab.vtk,0.1,26,0.07758441766583091,0.03109842696494377
BH0006_L_siphon_lab.vtk,0.2,26,0.07758441766583091,0.03109842696494377
BH0006_L_siphon_lab.vtk,0.30000000000000004,26,0.07758441766583091,0.03109842696494377
BH0006_L_siphon_lab.vtk,0.4,25,0.08367967326495873,0.028532074980622327
BH0006_L_siphon_lab.vtk,0.5,23,0.08847241946968731,0.027968936747285143
BH0006_L_siphon_lab.vtk,0.6,16,0.017071217758163004,0.006444416702394705
BH0006_L_siphon_lab.vtk,0.7000000000000001,14,0.00857793598728418,0.003839464718430268
BH0006_L_siphon_lab.vtk,0.8,11,0.0025310921678141363,0.0012994850487261693
BH0006_L_siphon_lab.vtk,0.9,8,0.0012937384953387865,0.0007958618632121803
BH0006_R_siphon_lab.vtk,0.1,30,0.060507317138726924,0.02554908887415939
BH0006_R_siphon_lab.vtk,0.2,30,0.060507317138726924,0.02554908887415939
BH0006_R_siphon_lab.vtk,0.30000000000000004,30,0.060507317138726924,0.02554908887415939
BH0006_R_siphon_lab.vtk,0.4,28,0.06642635268973374,0.023795073067152873
BH0006_R_siphon_lab.vtk,0.5,21,0.03907179438407604,0.014596626176693842
BH0006_R_siphon_lab.vtk,0.6,18,0.02951466480483167,0.011771175033419432
BH0006_R_siphon_lab.vtk,0.7000000000000001,15,0.018656012880616024,0.008320555445213328
BH0006_R_siphon_lab.vtk,0.8,12,0.008849631699079208,0.004219571823493723
BH0006_R_siphon_lab.vtk,0.9,8,0.0021481141219188288,0.0013889797424152832
BH0009_L_siphon_lab.vtk,0.1,25,0.04847987530293785,0.019601561569337723
BH0009_L_siphon_lab.vtk,0.2,25,0.04847987530293785,0.019601561569337723
BH0009_L_siphon_lab.vtk,0.30000000000000004,25,0.04847987530293785,0.019601561569337723
BH0009_L_siphon_lab.vtk,0.4,25,0.04847987530293785,0.019601561569337723
BH0009_L_siphon_lab.vtk,0.5,24,0.046641416202655384,0.016544653561038344
BH0009_L_siphon_lab.vtk,0.6,18,0.028688563820088664,0.01110754577405685
BH0009_L_siphon_lab.vtk,0.7000000000000001,14,0.013443525431457659,0.005713188313029559
BH0009_L_siphon_lab.vtk,0.8,11,0.006054090050504446,0.0032033156527633676
BH0009_L_siphon_lab.vtk,0.9,7,0.001356701246249814,0.0009266988765511946
BH0009_R_siphon_lab.vtk,0.1,62,0.9733484278745022,0.27542275913754866
BH0009_R_siphon_lab.vtk,0.2,62,0.9733484278745022,0.27542275913754866
BH0009_R_siphon_lab.vtk,0.30000000000000004,62,0.9733484278745022,0.27542275913754866
BH0009_R_siphon_lab.vtk,0.4,56,0.5706439433980877,0.17169804915296563
BH0009_R_siphon_lab.vtk,0.5,41,0.13862024893781566,0.04710313527910892
BH0009_R_siphon_lab.vtk,0.6,37,0.09093399734287866,0.03225082555401001
BH0009_R_siphon_lab.vtk,0.7000000000000001,28,0.047062048442981785,0.019167115950098484
BH0009_R_siphon_lab.vtk,0.8,21,0.02245156760708955,0.010416058693228303
BH0009_R_siphon_lab.vtk,0.9,14,0.007139421553704062,0.0037990932461805715
BH0010_L_siphon_lab.vtk,0.1,36,0.08546334027428512,0.030655588131037834
BH0010_L_siphon_lab.vtk,0.2,33,0.06913818071952993,0.020867814037115847
BH0010_L_siphon_lab.vtk,0.30000000000000004,26,0.03939354702647063,0.012961582605905993
BH0010_L_siphon_lab.vtk,0.4,23,0.02971986427778689,0.010341518206645502
BH0010_L_siphon_lab.vtk,0.5,20,0.017913346180773004,0.006387362125885411
BH0010_L_siphon_lab.vtk,0.6,16,0.008146983866708646,0.0033708180890534563
BH0010_L_siphon_lab.vtk,0.7000000000000001,14,0.0051921939366431635,0.002217225096457755
BH0010_L_siphon_lab.vtk,0.8,10,0.0015145597194708704,0.0008500804421636499
BH0010_L_siphon_lab.vtk,0.9,7,0.00039802779044972175,0.0002337715927537068
BH0010_R_siphon_lab.vtk,0.1,31,0.02612031678860105,0.0057994243386507325
BH0010_R_siphon_lab.vtk,0.2,29,0.02534869087351377,0.006221471869778239
BH0010_R_siphon_lab.vtk,0.30000000000000004,25,0.02415401852162158,0.007058949093347847
BH0010_R_siphon_lab.vtk,0.4,22,0.017909603565786747,0.005676677791420768
BH0010_R_siphon_lab.vtk,0.5,18,0.008609826285882027,0.003038508067029736
BH0010_R_siphon_lab.vtk,0.6,15,0.0036427845307937523,0.0013581903956409157
BH0010_R_siphon_lab.vtk,0.7000000000000001,13,0.002008542542726366,0.0008511356643560038
BH0010_R_siphon_lab.vtk,0.8,10,0.0009432865918007072,0.0004938968529950075
BH0010_R_siphon_lab.vtk,0.9,7,0.0001245261508726614,9.166594544794805e-05
BH0011_L_siphon_lab.vtk,0.1,33,0.1198945250734052,0.044288248416903604
BH0011_L_siphon_lab.vtk,0.2,28,0.07654153052214652,0.03707684990497023
BH0011_L_siphon_lab.vtk,0.30000000000000004,22,0.07040782791196587,0.03326360724939044
BH0011_L_siphon_lab.vtk,0.4,18,0.05198456725721101,0.024179118295016275
BH0011_L_siphon_lab.vtk,0.5,15,0.03459957809509395,0.01767613201973269
BH0011_L_siphon_lab.vtk,0.6,13,0.02403423767670229,0.01261921914250703
BH0011_L_siphon_lab.vtk,0.7000000000000001,11,0.015234815659917272,0.008513339471812036
BH0011_L_siphon_lab.vtk,0.8,8,0.004902402232696581,0.003485876458057285
BH0011_L_siphon_lab.vtk,0.9,6,0.0020227970013191893,0.0016492846731664599
BH0011_R_siphon_lab.vtk,0.1,39,0.6366853692920712,0.24624354812304694
BH0011_R_siphon_lab.vtk,0.2,35,0.48042321964308443,0.1824239947975283
BH0011_R_siphon_lab.vtk,0.30000000000000004,24,0.15548670763019412,0.06580680204349812
BH0011_R_siphon_lab.vtk,0.4,20,0.0910774223401942,0.04204384040958196
BH0011_R_siphon_lab.vtk,0.5,16,0.049402303191474414,0.024659722551871405
BH0011_R_siphon_lab.vtk,0.6,14,0.03551901156081949,0.017438209679632978
BH0011_R_siphon_lab.vtk,0.7000000000000001,11,0.015599925453310987,0.009275081474187994
BH0011_R_siphon_lab.vtk,0.8,8,0.004969957038184494,0.003703450465678388
BH0011_R_siphon_lab.vtk,0.9,6,0.0020386219108334547,0.0015620406314233702
BH0013_L_siphon_lab.vtk,0.1,35,0.3038292205718811,0.10761757436615806
BH0013_L_siphon_lab.vtk,0.2,31,0.2488732766750913,0.0952033520815563
BH0013_L_siphon_lab.vtk,0.30000000000000004,27,0.18551187110564904,0.07306027560600095
BH0013_L_siphon_lab.vtk,0.4,22,0.10541638415267096,0.04056633888213946
BH0013_L_siphon_lab.vtk,0.5,19,0.072177137899199,0.030280722066772084
BH0013_L_siphon_lab.vtk,0.6,16,0.03919094983039145,0.017730054658739842
BH0013_L_siphon_lab.vtk,0.7000000000000001,13,0.02051276307177946,0.00975674999893052
BH0013_L_siphon_lab.vtk,0.8,10,0.0075527152912910345,0.0046767893085680416
BH0013_L_siphon_lab.vtk,0.9,7,0.0023306277663374952,0.0014305428122703882
BH0013_R_siphon_lab.vtk,0.1,40,0.4405087829804004,0.19116322978103917
BH0013_R_siphon_lab.vtk,0.2,37,0.3928704419659792,0.1616433957089297
BH0013_R_siphon_lab.vtk,0.30000000000000004,34,0.33425268790090334,0.13311388627153473
BH0013_R_siphon_lab.vtk,0.4,31,0.271066957493435,0.10495014096634475
BH0013_R_siphon_lab.vtk,0.5,27,0.18134871667383368,0.07289977875912303
BH0013_R_siphon_lab.vtk,0.6,22,0.09267644811047115,0.04034750945399661
BH0013_R_siphon_lab.vtk,0.7000000000000001,18,0.04665534172125496,0.02062884961555151
BH0013_R_siphon_lab.vtk,0.8,14,0.018801161658708043,0.009539841218216077
BH0013_R_siphon_lab.vtk,0.9,11,0.008156745362184026,0.004532669874451827
BH0014_L_siphon_lab.vtk,0.1,43,0.19538791363848262,0.1028930687198881
BH0014_L_siphon_lab.vtk,0.2,29,0.2245951708998214,0.07427383980461752
BH0014_L_siphon_lab.vtk,0.30000000000000004,23,0.14054828006398412,0.04899702674081577
BH0014_L_siphon_lab.vtk,0.4,20,0.09477616359907659,0.0351902596341363
BH0014_L_siphon_lab.vtk,0.5,17,0.05363797508724699,0.022504449768198556
BH0014_L_siphon_lab.vtk,0.6,13,0.01865129188256079,0.008437817295146576
BH0014_L_siphon_lab.vtk,0.7000000000000001,11,0.00841326573434012,0.004590323533228943
BH0014_L_siphon_lab.vtk,0.8,9,0.004121549778037692,0.0025902530589983937
BH0014_L_siphon_lab.vtk,0.9,5,0.00045400851159057426,0.00026040766611221393
BH0014_R_siphon_lab.vtk,0.1,31,0.07691252719977815,0.028852423732440013
BH0014_R_siphon_lab.vtk,0.2,26,0.05418267517260611,0.02378165856807512
BH0014_R_siphon_lab.vtk,0.30000000000000004,21,0.034627619493459494,0.014922851866891209
BH0014_R_siphon_lab.vtk,0.4,18,0.023535700377615376,0.010851490022435961
BH0014_R_siphon_lab.vtk,0.5,16,0.01736878059722413,0.007239474531233967
BH0014_R_siphon_lab.vtk,0.6,13,0.009178173402331069,0.004553405834208939
BH0014_R_siphon_lab.vtk,0.7000000000000001,11,0.005884602988535603,0.0030287326835774374
BH0014_R_siphon_lab.vtk,0.8,8,0.0016594086586489976,0.0011848163282486028
BH0014_R_siphon_lab.vtk,0.9,6,0.0004978258599398072,0.0003671370115581006
BH0016_L_siphon_lab.vtk,0.1,26,0.0750183280536465,0.02811813763641848
BH0016_L_siphon_lab.vtk,0.2,25,0.06644519626367196,0.02463442447655977
BH0016_L_siphon_lab.vtk,0.30000000000000004,18,0.02752375701353016,0.010114738212551856
BH0016_L_siphon_lab.vtk,0.4,15,0.014979913037671877,0.005975101413050196
BH0016_L_siphon_lab.vtk,0.5,12,0.010258307384763576,0.00451123746562979
BH0016_L_siphon_lab.vtk,0.6,11,0.006460834503344337,0.003106147714148892
BH0016_L_siphon_lab.vtk,0.7000000000000001,9,0.004077535567203139,0.002253742730206438
BH0016_L_siphon_lab.vtk,0.8,6,0.0010990555569382054,0.0007316500183174012
BH0016_L_siphon_lab.vtk,0.9,4,0.00017908456998624867,0.00011694382198070181
BH0016_R_siphon_lab.vtk,0.1,23,0.15214861496853327,0.045039826801548805
BH0016_R_siphon_lab.vtk,0.2,23,0.15214861496853327,0.045039826801548805
BH0016_R_siphon_lab.vtk,0.30000000000000004,20,0.060936720526421406,0.01910226613612608
BH0016_R_siphon_lab.vtk,0.4,19,0.03958483708580096,0.014672624464448152
BH0016_R_siphon_lab.vtk,0.5,18,0.024805387668782264,0.011396977929053531
BH0016_R_siphon_lab.vtk,0.6,15,0.016300099431828363,0.006839961522656903
BH0016_R_siphon_lab.vtk,0.7000000000000001,12,0.01130227051502658,0.00428026966541006
BH0016_R_siphon_lab.vtk,0.8,9,0.0026402903892408514,0.001420105176649089
BH0016_R_siphon_lab.vtk,0.9,6,0.000681275221205091,0.0004998657890688309
BH0017_L_siphon_lab.vtk,0.1,25,0.23662236780997592,0.07211852299542323
BH0017_L_siphon_lab.vtk,0.2,25,0.23662236780997592,0.07211852299542323
BH0017_L_siphon_lab.vtk,0.30000000000000004,25,0.23662236780997592,0.07211852299542323
BH0017_L_siphon_lab.vtk,0.4,25,0.23662236780997592,0.07211852299542323
BH0017_L_siphon_lab.vtk,0.5,23,0.23739900903002198,0.07839278668375223
BH0017_L_siphon_lab.vtk,0.6,21,0.22707235102178225,0.05558673804629065
BH0017_L_siphon_lab.vtk,0.7000000000000001,16,0.07251144880176563,0.019920720145900503
BH0017_L_siphon_lab.vtk,0.8,13,0.0263611124258335,0.007517627781663925
BH0017_L_siphon_lab.vtk,0.9,9,0.004266898428804455,0.0015951682606756723
BH0017_R_siphon_lab.vtk,0.1,27,0.09963644539567584,0.05371090550118794
BH0017_R_siphon_lab.vtk,0.2,27,0.09963644539567584,0.05371090550118794
BH0017_R_siphon_lab.vtk,0.30000000000000004,27,0.09963644539567584,0.05371090550118794
BH0017_R_siphon_lab.vtk,0.4,27,0.09963644539567584,0.05371090550118794
BH0017_R_siphon_lab.vtk,0.5,26,0.09745151178767841,0.052963867731649586
BH0017_R_siphon_lab.vtk,0.6,24,0.10947186868317749,0.045710270391820636
BH0017_R_siphon_lab.vtk,0.7000000000000001,20,0.08935706225102735,0.03405467262113397
BH0017_R_siphon_lab.vtk,0.8,14,0.04498471104715096,0.02014003517169103
BH0017_R_siphon_lab.vtk,0.9,10,0.014717621525029645,0.008263963702561815
BH0018_L_siphon_lab.vtk,0.1,37,0.15759945638866635,0.06862712221657837
BH0018_L_siphon_lab.vtk,0.2,28,0.11879016407296719,0.05617148455091557
BH0018_L_siphon_lab.vtk,0.30000000000000004,25,0.0967640667653141,0.04582281978035349
BH0018_L_siphon_lab.vtk,0.4,21,0.06810973963690346,0.031212791577005437
BH0018_L_siphon_lab.vtk,0.5,19,0.052209858893101674,0.024725776675534036
BH0018_L_siphon_lab.vtk,0.6,15,0.02734054641906792,0.01372833471461404
BH0018_L_siphon_lab.vtk,0.7000000000000001,13,0.017075424286596336,0.009141640276653705
BH0018_L_siphon_lab.vtk,0.8,10,0.0067630379071030935,0.004210479701605067
BH0018_L_siphon_lab.vtk,0.9,8,0.0032820921079499132,0.002536487234591215
BH0018_R_siphon_lab.vtk,0.1,27,0.2407859674528481,0.11569281885398892
BH0018_R_siphon_lab.vtk,0.2,23,0.18475046142422544,0.08859178200652361
BH0018_R_siphon_lab.vtk,0.30000000000000004,19,0.12735125408586706,0.06003841335117404
BH0018_R_siphon_lab.vtk,0.4,15,0.07377145637025757,0.03622381460457258
BH0018_R_siphon_lab.vtk,0.5,14,0.05857404150167589,0.030441875911605083
BH0018_R_siphon_lab.vtk,0.6,11,0.03156025479560663,0.017231412373129404
BH0018_R_siphon_lab.vtk,0.7000000000000001,9,0.015345307395462929,0.010318511587901931
BH0018_R_siphon_lab.vtk,0.8,8,0.010473639406532911,0.007589735674536236
BH0018_R_siphon_lab.vtk,0.9,5,0.003281165490763717,0.0019378664337104897
BH0019_L_siphon_lab.vtk,0.1,30,0.24495608707062083,0.07980238217079809
BH0019_L_siphon_lab.vtk,0.2,25,0.15018947704405272,0.04938133041068051
BH0019_L_siphon_lab.vtk,0.30000000000000004,21,0.07489651384986026,0.026029332820369216
BH0019_L_siphon_lab.vtk,0.4,18,0.054255590782919666,0.020069987877677737
BH0019_L_siphon_lab.vtk,0.5,15,0.0274238570084408,0.011313704514190384
BH0019_L_siphon_lab.vtk,0.6,13,0.01717163081850326,0.007476145769284518
BH0019_L_siphon_lab.vtk,0.7000000000000001,11,0.009093696865690365,0.004657065603889939
BH0019_L_siphon_lab.vtk,0.8,7,0.0014430021242135133,0.0010942565939625012
BH0019_L_siphon_lab.vtk,0.9,7,0.0014430021242135133,0.0010942565939625012
BH0019_R_siphon_lab.vtk,0.1,24,0.1011469609285709,0.0342761808231932
BH0019_R_siphon_lab.vtk,0.2,24,0.1011469609285709,0.0342761808231932
BH0019_R_siphon_lab.vtk,0.30000000000000004,24,0.1011469609285709,0.0342761808231932
BH0019_R_siphon_lab.vtk,0.4,24,0.1011469609285709,0.0342761808231932
BH0019_R_siphon_lab.vtk,0.5,24,0.1011469609285709,0.0342761808231932
BH0019_R_siphon_lab.vtk,0.6,24,0.1011469609285709,0.0342761808231932
BH0019_R_siphon_lab.vtk,0.7000000000000001,21,0.06318823313974009,0.022368188081371337
BH0019_R_siphon_lab.vtk,0.8,14,0.016493974451631088,0.006949228529544643
BH0019_R_siphon_lab.vtk,0.9,9,0.002823933635990261,0.0018694429490282017
BH0020_L_siphon_lab.vtk,0.1,31,0.3043328487023741,0.10322235109959096
BH0020_L_siphon_lab.vtk,0.2,29,0.24159250674682853,0.0766525102399743
BH0020_L_siphon_lab.vtk,0.30000000000000004,25,0.13502671119616605,0.042958558133588974
BH0020_L_siphon_lab.vtk,0.4,23,0.11097099095980267,0.03372591011416009
BH0020_L_siphon_lab.vtk,0.5,19,0.06175654746608572,0.01917603320645839
BH0020_L_siphon_lab.vtk,0.6,17,0.04101932307961498,0.013792759973674698
BH0020_L_siphon_lab.vtk,0.7000000000000001,14,0.017227791968234207,0.006124804511262086
BH0020_L_siphon_lab.vtk,0.8,11,0.008033342774740326,0.0038006905302913683
BH0020_L_siphon_lab.vtk,0.9,8,0.0018036155096986528,0.0009547729667243026
BH0020_R_siphon_lab.vtk,0.1,37,0.2834668520701105,0.139804384339069
BH0020_R_siphon_lab.vtk,0.2,30,0.2301591003534348,0.08226685792397738
BH0020_R_siphon_lab.vtk,0.30000000000000004,25,0.1411029992128391,0.04867406894701162
BH0020_R_siphon_lab.vtk,0.4,20,0.07893895587573019,0.029110078935458694
BH0020_R_siphon_lab.vtk,0.5,18,0.06054668430793009,0.02347532351447137
BH0020_R_siphon_lab.vtk,0.6,15,0.03377606349903872,0.014374274559121613
BH0020_R_siphon_lab.vtk,0.7000000000000001,13,0.023488947624025425,0.010082584370311799
BH0020_R_siphon_lab.vtk,0.8,9,0.007633721432057594,0.004404383815279673
BH0020_R_siphon_lab.vtk,0.9,6,0.0016801115238681413,0.0011466636104797152
BH0021_L_siphon_lab.vtk,0.1,40,0.1955186128398776,0.06036106669407104
BH0021_L_siphon_lab.vtk,0.2,36,0.1808352153265569,0.061394930335587926
BH0021_L_siphon_lab.vtk,0.30000000000000004,30,0.11565706768400141,0.04447016258187405
BH0021_L_siphon_lab.vtk,0.4,25,0.07027088387904201,0.0298405233309318
BH0021_L_siphon_lab.vtk,0.5,21,0.04434070064865869,0.020097929609462013
BH0021_L_siphon_lab.vtk,0.6,17,0.02506868916813887,0.01169065524990189
BH0021_L_siphon_lab.vtk,0.7000000000000001,14,0.014281410380833859,0.006899826074352849
BH0021_L_siphon_lab.vtk,0.8,11,0.006332490275801739,0.003571626525204936
BH0021_L_siphon_lab.vtk,0.9,7,0.0013820808494494907,0.0009779460061358515
BH0023_L_siphon_lab.vtk,0.1,33,0.12184854955179059,0.05248098358286344
BH0023_L_siphon_lab.vtk,0.2,28,0.08722583356355973,0.03862447749944977
BH0023_L_siphon_lab.vtk,0.30000000000000004,25,0.06914368575876606,0.03041740382934442
BH0023_L_siphon_lab.vtk,0.4,20,0.041152467865494535,0.01824101124164644
BH0023_L_siphon_lab.vtk,0.5,18,0.031357006887621997,0.014140847040586388
BH0023_L_siphon_lab.vtk,0.6,14,0.015557574778065242,0.007421778782532205
BH0023_L_siphon_lab.vtk,0.7000000000000001,12,0.00857254060063245,0.004617437639805052
BH0023_L_siphon_lab.vtk,0.8,10,0.004918293582137967,0.0029621497783642926
BH0023_L_siphon_lab.vtk,0.9,6,0.0008179763308596988,0.0006331427860395896
BH0024_L_siphon_lab.vtk,0.1,34,0.2744779033104565,0.07822460515099798
BH0024_L_siphon_lab.vtk,0.2,32,0.2524811051838254,0.07276876573307572
BH0024_L_siphon_lab.vtk,0.30000000000000004,30,0.22958439571555134,0.0688260074855655
BH0024_L_siphon_lab.vtk,0.4,29,0.21734530242800215,0.0671468601281446
BH0024_L_siphon_lab.vtk,0.5,24,0.11160727992406971,0.032144703885876584
BH0024_L_siphon_lab.vtk,0.6,21,0.07758528011844301,0.02315293552894232
BH0024_L_siphon_lab.vtk,0.7000000000000001,17,0.03311124580432501,0.01077314326062099
BH0024_L_siphon_lab.vtk,0.8,14,0.01280390573267498,0.003926264182003923
BH0024_L_siphon_lab.vtk,0.9,9,0.0024233378789435545,0.0011837796650252357
BH0024_R_siphon_lab.vtk,0.1,34,0.21677997803428933,0.09654391020235352
BH0024_R_siphon_lab.vtk,0.2,30,0.17204447664999722,0.07398169304826338
BH0024_R_siphon_lab.vtk,0.30000000000000004,26,0.12070572109498848,0.053634805387849455
BH0024_R_siphon_lab.vtk,0.4,22,0.07970877036217769,0.036169743156701156
BH0024_R_siphon_lab.vtk,0.5,18,0.047513347707563436,0.022641765830512188
BH0024_R_siphon_lab.vtk,0.6,16,0.03381587602438463,0.016772326611603813
BH0024_R_siphon_lab.vtk,0.7000000000000001,12,0.01411107439026646,0.007582371200099014
BH0024_R_siphon_lab.vtk,0.8,10,0.007450810670192154,0.004428577380548461
BH0024_R_siphon_lab.vtk,0.9,6,0.0013437245670708253,0.0008455263189988431
BH0025_R_siphon_lab.vtk,0.1,38,0.17705546190228746,0.04948203136348337
BH0025_R_siphon_lab.vtk,0.2,36,0.18778717392438826,0.046234632637216194
BH0025_R_siphon_lab.vtk,0.30000000000000004,29,0.08962867698483218,0.023537302824523813
BH0025_R_siphon_lab.vtk,0.4,25,0.06718043918805144,0.01946473093233319
BH0025_R_siphon_lab.vtk,0.5,19,0.02883631299006817,0.010639303529575535
BH0025_R_siphon_lab.vtk,0.6,17,0.020101970179638773,0.007398162650915768
BH0025_R_siphon_lab.vtk,0.7000000000000001,13,0.008701201827851474,0.004124827248124268
BH0025_R_siphon_lab.vtk,0.8,10,0.003105033832320775,0.0017134717961935248
BH0025_R_siphon_lab.vtk,0.9,7,0.0007189386292754535,0.000554207195123341
BH0026_L_siphon_lab.vtk,0.1,33,0.37649256089374905,0.13990676710528016
BH0026_L_siphon_lab.vtk,0.2,33,0.37649256089374905,0.13990676710528016
BH0026_L_siphon_lab.vtk,0.30000000000000004,33,0.37649256089374905,0.13990676710528016
BH0026_L_siphon_lab.vtk,0.4,32,0.3715636774195046,0.12157427987994812
BH0026_L_siphon_lab.vtk,0.5,30,0.3057599835420248,0.08176898891574659
BH0026_L_siphon_lab.vtk,0.6,29,0.24809218276236322,0.0661113804523232
BH0026_L_siphon_lab.vtk,0.7000000000000001,23,0.19682786798442664,0.05327853662033045
BH0026_L_siphon_lab.vtk,0.8,16,0.08559540428678525,0.02782269258812267
BH0026_L_siphon_lab.vtk,0.9,10,0.02108835179860702,0.01024616983793739
BH0026_R_siphon_lab.vtk,0.1,35,0.10046499654753899,0.05750783281446777
BH0026_R_siphon_lab.vtk,0.2,34,0.09955535533657872,0.05785974122136586
BH0026_R_siphon_lab.vtk,0.30000000000000004,32,0.11227878663446678,0.054540512400445745
BH0026_R_siphon_lab.vtk,0.4,31,0.12200240464588208,0.05112452094271543
BH0026_R_siphon_lab.vtk,0.5,30,0.12170642254229502,0.04641408941989195
BH0026_R_siphon_lab.vtk,0.6,25,0.093128203970118,0.03884503171154389
BH0026_R_siphon_lab.vtk,0.7000000000000001,21,0.06613532460464433,0.02631697821091416
BH0026_R_siphon_lab.vtk,0.8,17,0.03711807584812177,0.017202423712322553
BH0026_R_siphon_lab.vtk,0.9,11,0.009394005500592939,0.005167592028127944
BH0029_L_siphon_lab.vtk,0.1,35,0.4895572780354033,0.17074919975279376
BH0029_L_siphon_lab.vtk,0.2,32,0.4310937128802014,0.1663363946449219
BH0029_L_siphon_lab.vtk,0.30000000000000004,29,0.3464370212684739,0.14964540099376034
BH0029_L_siphon_lab.vtk,0.4,27,0.2885886426926263,0.13149426173968037
BH0029_L_siphon_lab.vtk,0.5,26,0.27865490713849633,0.12056992376819033
BH0029_L_siphon_lab.vtk,0.6,20,0.1465582065631213,0.06585514274486542
BH0029_L_siphon_lab.vtk,0.7000000000000001,17,0.09322770815338288,0.044969984784070965
BH0029_L_siphon_lab.vtk,0.8,13,0.03878844834106915,0.02061269677302221
BH0029_L_siphon_lab.vtk,0.9,9,0.0107982103875581,0.007130697089866286
BH0029_R_siphon_lab.vtk,0.1,29,0.14019757519561882,0.04608986687618176
BH0029_R_siphon_lab.vtk,0.2,29,0.14019757519561882,0.04608986687618176
BH0029_R_siphon_lab.vtk,0.30000000000000004,29,0.14019757519561882,0.04608986687618176
BH0029_R_siphon_lab.vtk,0.4,28,0.11287343219105106,0.039009509968416664
BH0029_R_siphon_lab.vtk,0.5,22,0.04680714119252272,0.018064720143423734
BH0029_R_siphon_lab.vtk,0.6,20,0.03581483661326201,0.012788937416764554
BH0029_R_siphon_lab.vtk,0.7000000000000001,17,0.018745397507290873,0.006120164714473699
BH0029_R_siphon_lab.vtk,0.8,12,0.002615781654006666,0.0009925019301446705
BH0029_R_siphon_lab.vtk,0.9,9,0.0007384634034625914,0.0002432632684559446
BH0030_L_siphon_lab.vtk,0.1,29,0.2915725386835095,0.12642896458553837
BH0030_L_siphon_lab.vtk,0.2,26,0.23761619406739512,0.11589562547802355
BH0030_L_siphon_lab.vtk,0.30000000000000004,23,0.1927272265551133,0.09435888542246632
BH0030_L_siphon_lab.vtk,0.4,19,0.13610712326098257,0.0644049176877804
BH0030_L_siphon_lab.vtk,0.5,15,0.0731959925046344,0.03653696342439082
BH0030_L_siphon_lab.vtk,0.6,15,0.0731959925046344,0.03653696342439082
BH0030_L_siphon_lab.vtk,0.7000000000000001,11,0.02867732829389183,0.015528556858424157
BH0030_L_siphon_lab.vtk,0.8,8,0.008735607212078111,0.006466985657698583
BH0030_L_siphon_lab.vtk,0.9,6,0.003186377251478842,0.0023298517180295676
BH0030_R_siphon_lab.vtk,0.1,25,0.07431094843661801,0.027005392388846534
BH0030_R_siphon_lab.vtk,0.2,22,0.08066925337437678,0.026754028606245206
BH0030_R_siphon_lab.vtk,0.30000000000000004,21,0.07975012141539184,0.027902397899419364
BH0030_R_siphon_lab.vtk,0.4,15,0.025894313907931635,0.009448233855206411
BH0030_R_siphon_lab.vtk,0.5,12,0.010798271923200126,0.004390389421189667
BH0030_R_siphon_lab.vtk,0.6,10,0.004497762397355852,0.0021817154176190555
BH0030_R_siphon_lab.vtk,0.7000000000000001,9,0.002374913475797699,0.0012090181099046417
BH0030_R_siphon_lab.vtk,0.8,7,0.0009205039479500549,0.00047383851704540646
BH0030_R_siphon_lab.vtk,0.9,4,0.00010900984352920674,6.969246669512623e-05
BH0031_L_siphon_lab.vtk,0.1,30,0.06445288797271553,0.027697972193298
BH0031_L_siphon_lab.vtk,0.2,30,0.06445288797271553,0.027697972193298
BH0031_L_siphon_lab.vtk,0.30000000000000004,29,0.060782732039242005,0.02697423643543169
BH0031_L_siphon_lab.vtk,0.4,28,0.05661483240303933,0.025715138125839764
BH0031_L_siphon_lab.vtk,0.5,26,0.047863870552819154,0.022798973822312277
BH0031_L_siphon_lab.vtk,0.6,25,0.04551007502877069,0.02069121604435369
BH0031_L_siphon_lab.vtk,0.7000000000000001,18,0.022231375337163906,0.010083164528719983
BH0031_L_siphon_lab.vtk,0.8,14,0.01084002711746379,0.00535434935362409
BH0031_L_siphon_lab.vtk,0.9,9,0.0024017938953528883,0.0014938499352574036
BH0031_R_siphon_lab.vtk,0.1,29,0.31275585077806617,0.12124228903360121
BH0031_R_siphon_lab.vtk,0.2,23,0.20993978177449776,0.08777451832583195
BH0031_R_siphon_lab.vtk,0.30000000000000004,21,0.1730490995728796,0.07386965749841232
BH0031_R_siphon_lab.vtk,0.4,17,0.1122945926582429,0.05273894446507501
BH0031_R_siphon_lab.vtk,0.5,15,0.07101121356568768,0.03337087542650053
BH0031_R_siphon_lab.vtk,0.6,12,0.03803474083350944,0.021582434118730055
BH0031_R_siphon_lab.vtk,0.7000000000000001,11,0.030791396003636534,0.018541536889943637
BH0031_R_siphon_lab.vtk,0.8,8,0.009867105094164774,0.0061779326026130295
BH0031_R_siphon_lab.vtk,0.9,5,0.001672023005365085,0.0010209479092462988
BH0034_L_siphon_lab.vtk,0.1,33,0.4612917225641362,0.10396660428308806
BH0034_L_siphon_lab.vtk,0.2,30,0.45028531835453434,0.11547288337444203
BH0034_L_siphon_lab.vtk,0.30000000000000004,28,0.4070778532350433,0.12554012810064505
BH0034_L_siphon_lab.vtk,0.4,26,0.28531563912320496,0.12213257662314204
BH0034_L_siphon_lab.vtk,0.5,21,0.18481518913453956,0.07771356824049386
BH0034_L_siphon_lab.vtk,0.6,18,0.13146731532750722,0.05086182700091673
BH0034_L_siphon_lab.vtk,0.7000000000000001,15,0.0750246164394795,0.030092267819097032
BH0034_L_siphon_lab.vtk,0.8,12,0.03278215029799303,0.015005390391195599
BH0034_L_siphon_lab.vtk,0.9,8,0.007650305098763854,0.004994276561871432
BH0034_R_siphon_lab.vtk,0.1,33,0.0929891059681961,0.03261933475982168
BH0034_R_siphon_lab.vtk,0.2,27,0.10613830719904271,0.029635027526941124
BH0034_R_siphon_lab.vtk,0.30000000000000004,23,0.07918878918150957,0.0241351320912853
BH0034_R_siphon_lab.vtk,0.4,20,0.06042922422785493,0.019218411941814825
BH0034_R_siphon_lab.vtk,0.5,16,0.02608947976530311,0.009375280943274006
BH0034_R_siphon_lab.vtk,0.6,14,0.016924321229838862,0.006392839941857368
BH0034_R_siphon_lab.vtk,0.7000000000000001,12,0.013924328601318772,0.006314386161706739
BH0034_R_siphon_lab.vtk,0.8,9,0.003592814380536864,0.002167368003834765
BH0034_R_siphon_lab.vtk,0.9,6,0.0003461794028542666,0.00027042963251518046
BH0035_L_siphon_lab.vtk,0.1,29,0.12673354316727029,0.05755093173449002
BH0035_L_siphon_lab.vtk,0.2,24,0.10314143260286696,0.04842570628338879
BH0035_L_siphon_lab.vtk,0.30000000000000004,19,0.07199698269343777,0.03531776513345123
BH0035_L_siphon_lab.vtk,0.4,16,0.05031187771609902,0.026073808275658
BH0035_L_siphon_lab.vtk,0.5,13,0.030205607539024057,0.017133042117171173
BH0035_L_siphon_lab.vtk,0.6,11,0.021397973840624196,0.012687851359459374
BH0035_L_siphon_lab.vtk,0.7000000000000001,10,0.017535978039547026,0.010643962483734863
BH0035_L_siphon_lab.vtk,0.8,7,0.005769371973818542,0.004402216491579926
BH0035_L_siphon_lab.vtk,0.9,5,0.0028171299980805746,0.0017394324719792694
BH0035_R_siphon_lab.vtk,0.1,28,0.06854093518008844,0.02960327446854037
BH0035_R_siphon_lab.vtk,0.2,24,0.05162501106736578,0.022377786067907468
BH0035_R_siphon_lab.vtk,0.30000000000000004,20,0.035501710526823244,0.0156909604704069
BH0035_R_siphon_lab.vtk,0.4,18,0.028239788170962107,0.01269664080991054
BH0035_R_siphon_lab.vtk,0.5,15,0.017354129680220973,0.00816846600118525
BH0035_R_siphon_lab.vtk,0.6,12,0.009289119022451109,0.004965965701270646
BH0035_R_siphon_lab.vtk,0.7000000000000001,11,0.007334037460099155,0.003957171881606093
BH0035_R_siphon_lab.vtk,0.8,8,0.002440867387207314,0.0018075224733544231
BH0035_R_siphon_lab.vtk,0.9,5,0.0006495971068791531,0.00038083445795493063
BH0036_R_siphon_lab.vtk,0.1,28,0.4586952357395502,0.1614107486548378
BH0036_R_siphon_lab.vtk,0.2,21,0.253902785614587,0.10329865513219999
BH0036_R_siphon_lab.vtk,0.30000000000000004,17,0.14788012417555185,0.06279100762834312
BH0036_R_siphon_lab.vtk,0.4,13,0.06331490817748897,0.030745202776520247
BH0036_R_siphon_lab.vtk,0.5,11,0.03985894737030493,0.022081356835267716
BH0036_R_siphon_lab.vtk,0.6,10,0.027128855145817754,0.016107511828026867
BH0036_R_siphon_lab.vtk,0.7000000000000001,8,0.011270144037224317,0.007755135863162084
BH0036_R_siphon_lab.vtk,0.8,5,0.002104604271160576,0.001231581390384442
BH0036_R_siphon_lab.vtk,0.9,3,8.816732066652122e-16,4.696763811207205e-16
BH0038_L_siphon_lab.vtk,0.1,34,0.6124385849942269,0.166784629422663
BH0038_L_siphon_lab.vtk,0.2,33,0.6058437352144381,0.17114478189426072
BH0038_L_siphon_lab.vtk,0.30000000000000004,30,0.5581267912788612,0.17951035426312603
BH0038_L_siphon_lab.vtk,0.4,25,0.330703474687263,0.10660613198718373
BH0038_L_siphon_lab.vtk,0.5,21,0.2019354657449246,0.06755397241638311
BH0038_L_siphon_lab.vtk,0.6,17,0.10201137557394291,0.03734023927181237
BH0038_L_siphon_lab.vtk,0.7000000000000001,15,0.0806401690050651,0.03336784026312009
BH0038_L_siphon_lab.vtk,0.8,10,0.018834426835934392,0.011178298280033146
BH0038_L_siphon_lab.vtk,0.9,7,0.0038064319413357306,0.00309065693667157
BH0038_R_siphon_lab.vtk,0.1,33,0.36736155826557493,0.10035585557957598
BH0038_R_siphon_lab.vtk,0.2,25,0.17166023684934592,0.04889502098346601
BH0038_R_siphon_lab.vtk,0.30000000000000004,20,0.09123539206913583,0.028569500340426594
BH0038_R_siphon_lab.vtk,0.4,17,0.057708379967241374,0.020852773082086544
BH0038_R_siphon_lab.vtk,0.5,15,0.04006763696725174,0.014029019626973865
BH0038_R_siphon_lab.vtk,0.6,12,0.01790234403616628,0.008415865748834473
BH0038_R_siphon_lab.vtk,0.7000000000000001,9,0.008931027439582795,0.00523408752010894
BH0038_R_siphon_lab.vtk,0.8,7,0.001862071252401315,0.0014293739601509198
BH0038_R_siphon_lab.vtk,0.9,5,0.0011759715899633677,0.0007136415102901888
BH0039_L_siphon_lab.vtk,0.1,35,0.2941139810489335,0.06284029042536096
BH0039_L_siphon_lab.vtk,0.2,32,0.25749051354088004,0.06052228623898505
BH0039_L_siphon_lab.vtk,0.30000000000000004,25,0.07656146300744648,0.021394542312014434
BH0039_L_siphon_lab.vtk,0.4,21,0.02870725318909484,0.01256227041176192
BH0039_L_siphon_lab.vtk,0.5,18,0.026046423359219695,0.009832132500671593
BH0039_L_siphon_lab.vtk,0.6,15,0.018560893598732586,0.007403951303029515
BH0039_L_siphon_lab.vtk,0.7000000000000001,13,0.010840332923868767,0.004968851427660254
BH0039_L_siphon_lab.vtk,0.8,9,0.0030674724396594355,0.0018180528559782845
BH0039_L_siphon_lab.vtk,0.9,7,0.0008716554230061291,0.0005869795687835769
BH0039_R_siphon_lab.vtk,0.1,36,0.29326466980276744,0.0848878753090676
BH0039_R_siphon_lab.vtk,0.2,30,0.19380917982718748,0.06252675650872942
BH0039_R_siphon_lab.vtk,0.30000000000000004,23,0.07359181794229586,0.029249653805537786
BH0039_R_siphon_lab.vtk,0.4,18,0.032812926580986335,0.01487171366021631
BH0039_R_siphon_lab.vtk,0.5,14,0.015541646152113175,0.007511973295918575
BH0039_R_siphon_lab.vtk,0.6,12,0.009001046145426517,0.004818910335544587
BH0039_R_siphon_lab.vtk,0.7000000000000001,10,0.005057896834026299,0.002828633805271343
BH0039_R_siphon_lab.vtk,0.8,7,0.001510170693907964,0.0011600400320118567
BH0039_R_siphon_lab.vtk,0.9,6,0.0011116420396838633,0.0007306150085027602
BH0040_R_siphon_lab.vtk,0.1,29,0.16609201186277728,0.06732682084334639
BH0040_R_siphon_lab.vtk,0.2,27,0.13749490608068188,0.05718091393970471
BH0040_R_siphon_lab.vtk,0.30000000000000004,23,0.08721974807730482,0.03719520710506426
BH0040_R_siphon_lab.vtk,0.4,20,0.060044428571129904,0.025540072662078472
BH0040_R_siphon_lab.vtk,0.5,17,0.03661360359722482,0.016368646396793553
BH0040_R_siphon_lab.vtk,0.6,14,0.020413153074131024,0.00923032423970557
BH0040_R_siphon_lab.vtk,0.7000000000000001,12,0.011108535248261109,0.006009124491786018
BH0040_R_siphon_lab.vtk,0.8,9,0.00364700925293579,0.002468214940862791
BH0040_R_siphon_lab.vtk,0.9,6,0.0014002233498640326,0.0008875943079731501
BI0001_L_siphon_lab.vtk,0.1,23,0.05080196288547478,0.015139624960882954
BI0001_L_siphon_lab.vtk,0.2,23,0.05080196288547478,0.015139624960882954
BI0001_L_siphon_lab.vtk,0.30000000000000004,23,0.05080196288547478,0.015139624960882954
BI0001_L_siphon_lab.vtk,0.4,23,0.05080196288547478,0.015139624960882954
BI0001_L_siphon_lab.vtk,0.5,23,0.05080196288547478,0.015139624960882954
BI0001_L_siphon_lab.vtk,0.6,23,0.05080196288547478,0.015139624960882954
BI0001_L_siphon_lab.vtk,0.7000000000000001,22,0.04061250670625016,0.011495399144466244
BI0001_L_siphon_lab.vtk,0.8,20,0.02255958742928854,0.005799208707190603
BI0001_L_siphon_lab.vtk,0.9,13,0.004807975470554338,0.0016853435084685869
BI0001_R_siphon_lab.vtk,0.1,19,0.0848271725385793,0.04101938821481115
BI0001_R_siphon_lab.vtk,0.2,19,0.0848271725385793,0.04101938821481115
BI0001_R_siphon_lab.vtk,0.30000000000000004,19,0.0848271725385793,0.04101938821481115
BI0001_R_siphon_lab.vtk,0.4,19,0.0848271725385793,0.04101938821481115
BI0001_R_siphon_lab.vtk,0.5,19,0.0848271725385793,0.04101938821481115
BI0001_R_siphon_lab.vtk,0.6,18,0.08311878018538132,0.03592272166798539
BI0001_R_siphon_lab.vtk,0.7000000000000001,16,0.05879773021520812,0.02256179157996896
BI0001_R_siphon_lab.vtk,0.8,14,0.02739502837187663,0.01044153939297979
BI0001_R_siphon_lab.vtk,0.9,12,0.009337644878266613,0.0037621968118436238
