s,curvature,torsion
0,0.000414131954870398,0
0.0167358000874856,0.000392593364829935,0
0.0334715921090456,0.000371081030177367,0
0.0502073765091392,0.000349628478420103,0
0.0669431537324829,0.000328269695138225,0
0.0836789242241764,0.000307039266704742,0
0.100414688429829,0.000285972579351338,0
0.117150446795686,0.000265106101309046,0
0.133886199768753,0.000244477789998367,0
0.150621947796926,0.0002241276919435,0
0.167357691329113,0.000204098847502298,0
0.184093430815385,0.000184452735124012,0
0.2008291667076,0.00016530893898121,0
0.217564899461269,0.000146794978621493,0
0.234300629537901,0.000129027892633941,0
0.251036357407371,0.00011211008201086,0
0.267772083550286,9.61247647719177e-005,0
0.284507808460347,8.11321120860049e-005,0
0.301243532646718,6.71692137168657e-005,0
0.317979256636388,5.42626181868756e-005,0
0.334714980976534,4.24787264706488e-005,0
0.351450706236786,3.20557769554665e-005,0
0.368186433008877,2.37065162109976e-005,0
0.384922161899665,1.93254093219619e-005,0
0.40165789352155,2.0938734064176e-005,0
0.41839362848278,2.71281096586272e-005,0
0.435129367377767,3.52355398078751e-005,0
0.451865110777398,4.38538618161645e-005,0
0.468600859219343,5.23338498003843e-005,0
0.485336613198371,6.03033282181496e-005,0
0.502072373156654,6.74957564289858e-005,0
0.518808139474063,7.36991128955367e-005,0
0.535543912457936,7.87398485592731e-005,0
0.552279692331531,8.24558598192556e-005,0
0.569015479221968,8.4693335083129e-005,0
0.585751273148138,8.53113266688885e-005,0
0.602487074008621,8.41904180648189e-005,0
0.619222881569603,8.12492564541674e-005,0
0.635958695452784,7.64777373161268e-005,0
0.652694515123298,7.00081384002037e-005,0
0.669430339877627,6.22775276388962e-005,0
0.686166168831783,5.44672341684159e-005,0
0.702902000916496,4.91948301590004e-005,0
0.719637834890185,4.99044144578521e-005,0
0.736373669358922,5.82745312134637e-005,0
0.753109502796678,7.28440038592344e-005,0
0.769845333565563,9.12722730741615e-005,0
0.786581159936071,0.00011184419005762,0
0.803316980107324,0.00013344427613224,0
0.820052792227316,0.000155288842378561,0
0.836788594413154,0.000176762712748346,0
0.853524384771475,0.000197324186710383,0
0.870260161423368,0.000216420617722113,0
0.886995922540724,0.000233508721057692,0
0.903731666387111,0.000248059581591895,0
0.920467391358792,0.000259553835835441,0
0.937203096025764,0.000267478945286764,0
0.953938779172776,0.000271327793807513,0
0.970674439840347,0.000270598297748764,0
0.987410077365781,0.000264794077078185,0
1.00414569142419,0.00025342671698729,0
1.02088128206945,0.000236056165587675,0
1.03761684977457,0.000212407764458981,0
1.05435239547037,0.000182295733558112,0
1.07108792058352,0.000145676613279021,0
1.08782342707455,0.000103016731205119,0
1.10455891747592,5.77933261862568e-005,0
1.12129439493005,4.23410880835901e-005,0
1.13802986322737,9.40981062434509e-005,0
1.15476532684443,0.000167182272108696,0
1.171500790982,0.000251180644361136,0
1.18823626160135,0.000344328508891606,0
1.20497174541348,0.000443835422371888,0
1.22170724974839,0.000546618667329813,0
1.23844278237729,0.000649678345954486,0
1.25517835133297,0.000750050645074628,0
1.27191396472999,0.00084479022064647,0
1.28864963058503,0.00093096300502437,0
1.30538535663698,0.00100564346989121,0
1.32212115016707,0.00106591429528735,0
1.3388570178188,0.00110886790897342,0
1.35559296541788,0.00113191208810678,0
1.37232899779288,0.00113367491423551,0
1.38906511859812,0.0011130935496672,0
1.40580133013739,0.00106911853605084,0
1.42253763318764,0.00100072887640658,0
1.43927402682276,0.000906964626980292,0
1.45601050823739,0.000787006963754781,0
1.47274707257074,0.000640412546676381,0
1.48948371273063,0.000468005544137985,0
1.50622041921757,0.000277202393955998,0
1.52295717995311,0.000146832357902835,0
1.53969398021164,0.000307839460961077,0
1.55643080281459,0.000577205295452625,0
1.57316762842811,0.000874822279488785,0
1.58990443586504,0.00118731976311178,0
1.6066412023869,0.00150781631294894,0
1.62337790400606,0.00183069670740734,0
1.6401145157877,0.00215072729510885,0
1.65685101215176,0.00246282306157631,0
1.67358736717454,0.00276196862187538,0
1.69032355489228,0.00304281423754204,0
1.7070595496636,0.00329853800719086,0
1.72379532668221,0.00352194982745076,0
1.74053086254824,0.00370586418865528,0
1.757266135841,0.00384310312255118,0
1.77400112769082,0.00392650092438547,0
1.79073582235003,0.00394891202153921,0
1.80747020776312,0.00390322464122477,0
1.82420427613614,0.00378238581430108,0
1.8409380245056,0.00357945028704178,0
1.85767145530624,0.00328849683283856,0
1.87440457691669,0.00290726144838417,0
1.89113740414943,0.00243518674657574,0
1.90786995871981,0.00187436283457702,0
1.92460226971593,0.00123784836520218,0
1.94133437407077,0.000623008658523348,0
1.95806631703699,0.000745937263936204,0
1.97479815266494,0.0016099703844397,0
1.99152994428449,0.00267092314812624,0
2.00826176499114,0.00386131064085711,0
2.0249936981124,0.00516423702238581,0
2.04172583703566,0.0065433385130275,0
2.05845828340545,0.00795730774990989,0
2.07519114467658,0.00936559699427854,0
2.09192453163846,0.0107280222163198,0
2.10865855593167,0.0120046086691448,0
2.12539332755322,0.0131555298881173,0
2.14212895234719,0.0141410894118838,0
2.15886552947801,0.0149217273116163,0
2.17560314888452,0.0154580477696496,0
2.19234188871504,0.0157151306446151,0
2.2090818127751,0.0156752916697014,0
2.22582296804216,0.0153252263359819,0
2.24256538220627,0.0146518330798091,0
2.25930906121111,0.0136424193490877,0
2.27605398679913,0.0122851606876239,0
2.29280011406646,0.0105702637848118,0
2.30954736903359,0.00849349334171643,0
2.32629564623893,0.00607029179595498,0
2.34304480636267,0.00342839097075448,0
2.35979467394644,0.00201431138305806,0
2.37654503664103,0.00463715872607568,0
2.39329564826696,0.0084124837326766,0
2.41004623340632,0.0125243396258806,0
2.4267964920902,0.0168151896099731,0
2.4435461045085,0.0211933040836448,0
2.46029473572392,0.0255806817868756,0
2.47704204037025,0.0299035951176473,0
2.49378766731454,0.0340899775106015,0
2.51053126426291,0.0380684930910243,0
2.52727248232063,0.041763626405831,0
2.54401098124164,0.0450818399781522,0
2.56074643654883,0.0479248798210958,0
2.57747854729262,0.0501942623645342,0
2.59420704367983,0.0517913011132876,0
2.61093169453819,0.0526171794610137,0
2.62765231462071,0.052573098899579,0
2.64436877176457,0.051560558331185,0
2.66108099393097,0.049481882359302,0
2.67778897616571,0.0462412758898859,0
2.69449278751413,0.0417617808547007,0
2.71119257743278,0.0360339830085963,0
2.7278885809623,0.0290849041186837,0
2.74458112363498,0.0210149881251749,0
2.76127062673407,0.0123118717147321,0
2.77795761300254,0.00727661114287237,0
2.79464271287834,0.0153027809227888,0
2.81132667133375,0.0281973723741301,0
2.82801035539671,0.0429760393074,0
2.84469476243226,0.0592645998598925,0
2.86138102893273,0.0768789053182684,0
2.87807043163055,0.0953136843490235,0
2.89476436740365,0.113984805605731,0
2.91146432430948,0.132315561827674,0
2.92817185123416,0.149734767287886,0
2.94488852580476,0.165676789326052,0
2.96161591992324,0.179582419625455,0
2.97835556236772,0.190900122071764,0
2.9951088980448,0.199087445176051,0
3.01187724366095,0.20361253039863,0
3.02866173978107,0.203997230398376,0
3.04546329882054,0.199941220166707,0
3.06228254876454,0.191195769087127,0
3.07911977529086,0.177524614834292,0
3.09597486425652,0.158711824957001,0
3.11284724582577,0.134585980024732,0
3.12973584167862,0.1051063501878,0
3.14663901694587,0.0707747610629491,0
3.16355453873957,0.0361833757568686,0
3.18047954339415,0.03992377536839,0
3.19741051565005,0.0886917343406838,0
3.21434330337174,0.149252794268426,0
3.23127320306097,0.216557754015201,0.0034063902111549
3.2481950821045,0.289228555683259,0.00205820642423118
3.26510351520672,0.366422750574588,0.00135611749159646
3.28199293208566,0.447439815517937,0.000942278080893222
3.29885777387096,0.531625008952129,0.000675628800932659
3.31569265520602,0.618330764291838,0.000491551660717154
3.33249252864776,0.706893531835804,0.000357024077242174
3.34925284756681,0.796616022894616,0.000253685473765184
3.36596972361251,0.886730733314653,0.000174293648907687
3.38264008006238,0.976319990367851,0.000114104519327712
3.39926180477123,1.06436536987387,6.69589055697418e-005
3.41583388653979,1.14976183370361,2.87413700873161e-005
3.43235652266536,1.23131639401315,-3.40310764688738e-006
3.44883119130567,1.30775337264151,-3.15388108871094e-005
3.46526068273615,1.37772715856249,-5.723431482741e-005
3.48164908409302,1.43984284843118,-8.17586091688899e-005
3.49800171307006,1.49268441386293,-0.000106222241497414
3.51432499731532,1.53484911254095,-0.000131691405733021
3.5306262981786,1.56515856341772,-0.000155708778060587
3.54691368651702,1.58321376370504,-0.000175806633327926
3.56319569599627,1.58890052743287,-0.000192846685106462
3.57948106696279,1.5822275751965,-0.000207481827653639
3.59577848552722,1.56332867563948,-0.00022023163991429
3.61209632464409,1.53245634202771,-0.000231535364352004
3.62844239399616,1.48996765905504,-0.000241792612894532
3.64482370512755,1.43630343441259,-0.000251399496490272
3.66124625771075,1.37196232863059,-0.000260787709960196
3.67771485213484,1.29747186684762,-0.000270476606225062
3.69423293306316,1.21364211874284,-0.000283894300402133
3.71080247568078,1.1223724799216,-0.000304656057486306
3.72742394364415,1.02574591260306,-0.00033415965625635
3.74409632670092,0.925722618951674,-0.000374632196793147
3.76081724712921,0.82413493733636,-0.000429491177457186
3.77758312353996,0.722694446684827,-0.000503958531713476
3.79438938012677,0.623008773146034,-0.000606106811416233
3.81123068944696,0.52660532908949,-0.000748665919042518
3.82810123727602,0.434959308973942,-0.000952178241876366
3.8449949988754,0.349523592535083,-0.0012504552511231
3.86190601568163,0.271459444411241,-0.00173689424875459
3.87882862876358,0.200790178084719,0
3.8957576031936,0.137418117497441,0
3.91268819329914,0.0818344434408786,0
3.92961618529972,0.038269668503793,0
3.94653792160219,0.0352777228994834,0
3.9634503093388,0.0663327525047902,0
3.98035081546205,0.0978008658634466,0
3.99723745048554,0.12496412257889,0
4.0141087427735,0.147139947098854,0
4.03096370510746,0.164259631232271,0
4.04780179473529,0.176570347461932,0
4.06462286808944,0.184416377768084,0
4.08142713288553,0.188167378508818,0
4.09821509951589,0.188208242248432,0
4.11498753285185,0.184935159710607,0
4.1317454052883,0.178753786594355,0
4.14848985162718,0.17007809631106,0
4.16522212618144,0.159329393786725,0
4.18194356228977,0.146935300528627,0
4.19865553440765,0.13329923103652,0
4.21535942619536,0.11871106542212,0
4.2320566098939,0.103434931036921,0
4.24874843082852,0.0877388680069323,0
4.26543619321017,0.0718962634077198,0
4.28212114685031,0.0561904769086267,0
4.29880447452782,0.0409299720026421,0
4.31548727973749,0.0265094479969155,0
4.33217057455142,0.0137922103361352,0
4.34885526733782,0.00791029000226691,0
4.36554215029035,0.0150310429424533,0
4.38223189119776,0.0241998846374064,0
4.39892503674691,0.0325470691432112,0
4.41562201999315,0.0397166556297122,0
4.43232316746076,0.0456361526172633,0
4.44902870577615,0.0502938082556503,0
4.46573876791782,0.0536969564782761,0
4.48245339916452,0.0558603653446172,0
4.49917256281928,0.0568020454891038,0
4.51589614578395,0.0565414467654018,0
4.53262396408936,0.055121805510147,0
4.54935576930412,0.0526795549317382,0
4.56609125730661,0.049374563914251,0
4.58283007819079,0.0453666813707527,0
4.59957184649381,0.0408156477123554,0
4.61631615170756,0.0358811409201204,0
4.6330625690519,0.0307229485825314,0
4.64981067047368,0.0255013088850533,0
4.6665600358258,0.0203775620597927,0
4.68331026417446,0.0155155086573849,0
4.70006098507329,0.0110578389168427,0
4.71681186705479,0.00706172716924893,0
4.73356261896923,0.00368481117307284,0
4.75031298845175,0.0021470930477178,0
4.76706276021443,0.00390472997806308,0
4.78381175427869,0.0062286247179816,0
4.80055982415519,0.00833900324855224,0
4.81730685497812,0.0101334817229451,0
4.83405276160063,0.011590357259208,0
4.85079748665783,0.0127052425966046,0
4.86754099860046,0.0134829382806622,0
4.88428328962637,0.0139456331089354,0
4.90102437339191,0.0141205045329186,0
4.91776428263895,0.0140353665745806,0
4.93450306682214,0.0137183954382503,0
4.95124078974376,0.0131979936076505,0
4.96797752719857,0.0125027168523114,0
4.98471336463059,0.0116612320988508,0
5.00144839480242,0.0107022915249409,0
5.01818271547711,0.00965471587222381,0
5.03491642712136,0.00854570325159055,0
5.05164963086421,0.00739582238388684,0
5.06838242708569,0.00622417077163718,0
5.08511491425635,0.00505024550479092,0
5.10184718779062,0.00389443364024238,0
5.11857933890328,0.00277956968613723,0
5.13531145346737,0.00173755288355211,0
5.15204361087237,0.000855980084159215,0
5.16877588288114,0.000653801244986326,0
5.18550833248457,0.00125205475864612,0
5.20224101276676,0.00188970738998348,0
5.21897396612765,0.00243359978692498,0
5.2357072244189,0.00286596994906388,0
5.25244080943795,0.00318367519149016,0
5.26917473343315,0.00338702940622384,0
5.28590899960713,0.00347749948993717,0
5.30264360261877,0.00345703391286791,0
5.31937852908447,0.00332782935404145,0
5.33611375807942,0.00309225831706988,0
5.35284926163918,0.00275289869304499,0
5.36958500526979,0.00231596268546076,0
5.38632094865362,0.00180153506088774,0
5.40305704685081,0.00123570276489218,0
5.41979325169759,0.000659745857374723,0
5.43652951321438,0.000317872979246097,0
5.45326578101539,0.00073962611944954,0
5.47000200571883,0.00129876748040695,0
5.48673814035692,0.0018256555866086,0
5.50347414178483,0.0022838295315286,0
5.5202099720877,0.00264783671952255,0
5.53694559997321,0.00289825701350768,0
5.55368100184961,0.00303179454768203,0
5.57041616210979,0.00304932683769112,0
5.58715107310257,0.00295191423473594,0
5.60388573509156,0.00274079592175524,0
5.62062015621445,0.00241751203188739,0
5.63735435244313,0.00198433487422871,0
5.6540883475452,0.00144600228681628,0
5.67082217304757,0.000820984494510705,0
5.68755586820247,0.000352795449644176,0
5.70428947994568,0.000969114762398419,0
5.7210230625776,0.00189710012997109,0
5.73775667673531,0.0029110456519763,0
5.754490388087,0.00397319820379202,0
5.77122426601741,0.00505812826190129,0
5.78795838231369,0.00614268848647664,0
5.80469280985023,0.00720440959297605,0
5.8214276212709,0.00822108640075216,0
5.83816288766704,0.00917063950213133,0
5.8548986772499,0.0100310613720311,0
5.87163505401481,0.0107804037552187,0
5.88837207636743,0.0113967954338975,0
5.90510979566506,0.0118584035867718,0
5.92184825471878,0.0121434234509503,0
5.93858748628533,0.0122300807037072,0
5.95532751155055,0.0120966363656424,0
5.9720683386054,0.0117213967857094,0
5.98880996091673,0.0110827351575955,0
6.00555235579505,0.0101591414469061,0
6.0222954828632,0.00892935036987525,0
6.03903928254327,0.00737776809169708,0
6.05578367490445,0.0055108928982674,0
6.0725285594181,0.00334911175999106,0
6.08927381508861,0.00104087418756561,0
6.1060193006271,0.0021155769908108,0
6.1227648546575,0.00512271400314408,0
6.13951029595745,0.00845746232191459,0
6.15625542373621,0.0120719746491472,0
6.17300001795106,0.015951817563849,0
6.18974383966384,0.0200869959477553,0
6.20648663151056,0.0244455890345731,0
6.22322812008739,0.0289035589601049,0
6.23996802310844,0.0333137826905811,0
6.25670605838454,0.0375290548719873,0
6.27344195276844,0.0414019979445168,0
6.29017545095201,0.0447849883198488,0
6.30690632407813,0.0475301026350833,0
6.32363437813786,0.0494890893519586,0
6.34035946213477,0.0505133732954146,0
6.35708147601332,0.0504541051139503,0
6.37380037830809,0.0491881950658741,0
6.39051619209818,0.046696294584074,0
6.40722900705552,0.0429853516368106,0
6.42393898007243,0.0380631197397206,0
6.44064633601193,0.0319391128958825,0
6.4573513687038,0.0246275354926342,0
6.47405444224883,0.0161607392308483,0
6.49075599269199,0.00672911990080926,0
6.50745653012357,0.00528074068951595,0
6.52415664126518,0.0168986308060352,0
6.54085699244154,0.0299864632088868,0
6.55755832912956,0.0439734373471853,0
6.57426146586229,0.0585203514262735,0
6.59096727243192,0.0733116871413341,0
6.60767665997524,0.0880373935982128,0
6.62439056680864,0.102389714228447,0
6.64110994371541,0.11606262066049,0
6.65783573839262,0.128751925030253,0
6.67456887878369,0.140155604622601,0
6.69131025505671,0.149974183413826,0
6.70806070000367,0.157906880457696,0
6.72482096688892,0.163639286524789,0
6.74159170331984,0.166856283266121,0
6.75837342247581,0.167246345025905,0
6.77516647266484,0.164501420698667,0
6.79197100550537,0.158316610997988,0
6.80878694313657,0.14838969144848,0
6.82561394501348,0.134420698060457,0
6.84245137501025,0.116112345398338,0
6.85929826973561,0.0931743336928661,0
6.87615330931796,0.0654022067222056,0
6.89301479591423,0.0330423216086505,0
6.90988064785275,0.010266782062957,0
6.92674840466962,0.049501745431981,0
6.94361524029817,0.0970464688345927,0
6.96047798537981,0.149898346832179,0
6.97733315985715,0.207968557586763,0
6.99417701706181,0.271313020681913,0.000430049659068854
7.01100560057836,0.340030500949159,0.000523100273966585
7.027814815248,0.414244476347856,0.000587447372873566
7.04460051462729,0.493835548105086,0.000614877700793286
7.06135862695156,0.577644368470888,0.000610156982164703
7.07808534760113,0.664222418373408,0.000593618493396664
7.0947773520258,0.752071651551615,0.000575123474403865
7.11143199841391,0.839627361196987,0.000559526225945348
7.12804751026937,0.925244636467561,0.000549323517797663
7.14462312938596,1.0071905554779,0.000545974527114361
7.16115922951371,1.08364409912325,0.000550594945868181
7.17765738126173,1.15270534100973,0.000564365790541614
7.19412035957102,1.21241470686525,0.000588833272011242
7.21055208632803,1.26110673306296,0.000617064546081244
7.22695750116548,1.29842826250023,0.000641511545884318
7.2433423726312,1.32440724828925,0.000662898317984783
7.25971308538384,1.33914696437495,0.000681626129645914
7.27607641918046,1.34283637394745,0.000697879602551398
7.29243932622377,1.33575421208354,0.000711681343150204
7.30880871290671,1.31826683913032,0.000722913136259363
7.32519123157611,1.2908203813176,0.000731310879400043
7.34159308737028,1.25392807505342,0.000736433342114945
7.35801986449327,1.20815402451302,0.000737598244841094
7.37447637551433,1.1542109184539,0.000743144975746673
7.3909665375141,1.09328514530443,0.000762172020485912
7.40749328396239,1.02666065118913,0.000795498926666602
7.4240585197188,0.955582861813522,0.000844823891395919
7.44066311791248,0.881245017241284,0.000912907592672842
7.4573069547615,0.804780209688205,0.00100389933484575
7.47398897762423,0.727258832118348,0.00112386929293177
7.49070730112588,0.649690774737869,0.00128165963752307
7.50745932600399,0.573031479711402,0.00149024998296703
7.52424187532309,0.498190859762388,0.00176897586073163
7.54105134246909,0.425945872537294,0.00216467880815899
7.55788383557741,0.356661020182144,0.00277127100472614
7.57473529573127,0.290599718153315,0.00375784525305774
7.5916016001314,0.228034510935473,0.00550472858871116
7.60847865863698,0.169265564682128,0
7.62536250313512,0.114670362187116,0
7.64224936895483,0.0649370883497266,0
7.6591357676966,0.0237677524190773,0
7.6760185510141,0.0302131797332676,0
7.69289496506425,0.0633194280874057,0
7.70976269511834,0.0931639490109906,0
7.72661988989409,0.118167067023641,0
7.74346514961968,0.138339734453451,0
7.76029749676805,0.153881030247826,0
7.7771163418495,0.165035473616784,0
7.79392144614285,0.172063508761589,0
7.81071288260959,0.175233659763552,0
7.82749099604251,0.174820320391337,0
7.84425636332082,0.171103183407464,0
7.8610097544753,0.164367086987655,0
7.87775209511346,0.15492397142791,0
7.89448443074725,0.143179413662468,0
7.91120789365166,0.129566632605857,0
7.92792367234401,0.11452378708657,0
7.94463298348728,0.0984932868543747,0
7.96133704595585,0.0819213090019216,0
7.97803705670409,0.0652579219971015,0
7.99473416800564,0.0489590344594262,0
8.01142946559042,0.0334949852554302,0
8.0281239471967,0.0193937339990616,0
8.04481850135351,0.00758370127333595,0
8.0615138928945,0.00664818316077188,0
8.07821076595119,0.0152116146697285,0
8.09490965331105,0.0231272976796427,0
8.11161098536036,0.0298107604647253,0
8.12831509848057,0.0352551080099285,0
8.14502224302686,0.0395173368213667,0
8.16173259100144,0.0426696327629997,0
8.17844624351884,0.0447892368613413,0
8.19516323814565,0.0459553625064863,0
8.21188355616451,0.046249087460161,0
8.22860712933668,0.0457561534576444,0
8.24533384543955,0.0445635895642788,0
8.26206355338853,0.04275845941561,0
8.27879606844949,0.0404277541590892,0
8.29553117757445,0.0376583407873474,0
8.31226864486545,0.0345369459124042,0
8.32900821716443,0.0311501645197772,0
8.34574962976102,0.0275844883490231,0
8.3624926122051,0.023926352176187,0
8.37923689417497,0.0202539524090422,0
8.39598221056242,0.0166127228451455,0
8.4127283044377,0.0130406603828846,0
8.42947492917965,0.00957792895115976,0
8.44622185057771,0.00627201657824556,0
8.46296884892989,0.00321057325113538,0
8.47971572112891,0.00115113732498148,0
8.49646228272919,0.00290586663029407,0
8.51320836998848,0.00522100103021582,0
8.52995384187916,0.00728680835300083,0
8.54669858203469,0.009022634432035,0
8.5634424998607,0.0104260887904319,0
8.58018552958471,0.0115115001220235,0
8.5969276284843,0.0122953686902609,0
8.61366877507011,0.0127949979736354,0
8.63040896726012,0.0130280476985893,0
8.64714822055003,0.0130123602642342,0
8.66388656618374,0.0127658856456628,0
8.68062404932715,0.0123066476137869,0
8.69736072724819,0.0116527307336762,0
8.71409666750248,0.0108246676808697,0
8.73083194607174,0.0098526098142668,0
8.74756664536932,0.00876917802407395,0
8.76430085220194,0.00760708850907517,0
8.7810346557413,0.00639919556114848,0
8.79776814550622,0.00517860897744682,0
8.81450140935261,0.0039790182214995,0
8.83123453146915,0.00283570956274649,0
8.84796759037576,0.00178961917063491,0
8.8647006569226,0.000911834683977407,0
8.88143379231047,0.000515641332012896,0
8.89816704671632,0.000913705184614445,0
8.914900459459,0.00142039068634704,0
8.93163405976941,0.00185428652640414,0
8.94836786758074,0.00220051638735301,0
8.96510189431651,0.00246398719320727,0
8.9818361436771,0.00265397283016538,0
8.9985706124255,0.00278118565886971,0
9.01530529117281,0.00285688797812266,0
9.03204016516366,0.00289244506992208,0
9.04877521506216,0.00289875132348287,0
9.06551041773989,0.0028851482057191,0
9.08224574706881,0.00285929921295233,0
9.09898117471629,0.00282678660967608,0
9.11571667094055,0.00279060272265326,0
9.13245220538627,0.00275081662974565,0
9.14918774788025,0.00270451216420537,0
9.16592326922711,0.00264602210098985,0
9.18265874200471,0.00256739826780336,0
9.19939414135937,0.00245900424893395,0
9.21612944579598,0.00231110216769036,0
9.23286463784257,0.00211792117164249,0
9.24959970439694,0.00187594586986945,0
9.26633463694835,0.00158327208956426,0
9.28306943179477,0.00124085409792756,0
9.29980409026082,0.000858626938106673,0
9.31653861891653,0.000497534742621865,0
9.33327302979713,0.000499326308808268,0
9.35000734062413,0.000976378694855228,0
9.36674157502781,0.00161365446526793,0
9.38347576276349,0.00233881488836361,0
9.40020993972137,0.00312763385212824,0
9.4169441474098,0.00396217371613745,0
9.43367843223128,0.00482652970263678,0
9.45041284475105,0.00570542999350328,0
9.4671474389653,0.00658382613055985,0
9.48388227156816,0.00744675521844124,0
9.50061740121673,0.00827929133462746,0
9.5173528877931,0.00906653027270072,0
9.53408879166264,0.00979358834614421,0
9.55082517291351,0.0104419196288704,0
9.56756209022127,0.0109781968057284,0
9.58429959876716,0.0113653079041135,0
9.60103774777581,0.011566096195346,0
9.61777657802662,0.0115434230192684,0
9.63451611935364,0.0112602385418418,0
9.65125638813539,0.0106796917254483,0
9.66799738477741,0.00976535671560243,0
9.68473909119209,0.00848181442524137,0
9.70148146828181,0.00679653461810433,0
9.71822445347274,0.00470406673417589,0
9.73496795929143,0.00233809430273826,0
9.75171187456859,0.00141932062186311,0
9.76845606670832,0.00411973645104445,0
9.78520038403881,0.00738801338134307,0
9.80194465819787,0.0108557979840252,0
9.81868870654325,0.0144332068486157,0
9.83543233457593,0.0180538019015557,0
9.85217533836296,0.0216561733238494,0
9.86891750694571,0.0251805282153776,0
9.88565862474562,0.0285636468123833,0
9.90239847461672,0.0317261878693798,0
9.91913684258775,0.0345846553169119,0
9.93587352320923,0.0370554310361278,0
9.95260832482598,0.03905476407154,0
9.96934107473849,0.0404987736116502,0
9.98607162424839,0.0413034719265099,0
10.0027998535893,0.0413848183779352,0
10.0195256767524,0.0406588258354058,0
10.0362490462232,0.0390417648263887,0
10.0529699576215,0.0364681045569773,0
10.0696884533795,0.0329438204380377,0
10.0864046240893,0.0284952007836673,0
10.1031186090521,0.0231554645477549,0
10.1198305969813,0.0169799197345825,0
10.1365408269244,0.0101316063021144,0
10.1532495894353,0.00410404332357925,0
10.1699572280199,0.00846158775869569,0
10.1866641408777,0.0176136203786138,0
10.2033707829572,0.0278981612928857,0
10.2200776682584,0.0389953090987423,0
10.2367853703128,0.0506681662217599,0
10.2534945174462,0.0626812484647513,0
10.270205785972,0.0748084889352815,0
10.2869198932144,0.086827482597701,0
10.3036375902679,0.0985177507099114,0
10.3203596543185,0.109660234658109,0
10.3370868803518,0.120037251993293,0
10.3538200720884,0.129432657226673,0
10.3705600320073,0.137632108082586,0
10.3873075501419,0.144372780198584,0
10.4040633864561,0.149192225858473,0
10.4208282382708,0.151581394385142,0
10.4376027003763,0.151036099423563,0
10.4543872228896,0.147057801589178,0
10.4711820673303,0.139154691328995,0
10.4879872614271,0.126844092078293,0
10.5048025534396,0.109659693281692,0
10.521627367095,0.0871781901482295,0
10.5384607585876,0.0591520667979307,0
10.555301377995,0.0270084534509092,0
10.5721474502245,0.0242603698592687,0
10.5889967985645,0.0666025411761774,0
10.6058468917601,0.116642886328933,0
10.6226949017421,0.171342605196335,0
10.6395377708258,0.22987030500504,0.000144795271000456
10.6563722873025,0.291629177219515,0.000385988245211303
10.6731951680077,0.356079462275148,0.000614722719509644
10.6900031461469,0.422698452953554,0.000834812191069093
10.706793062395,0.490964581968446,0.00105074602680686
10.7235619573529,0.560309750579307,0.00120189729948284
10.7403071701753,0.629995269841945,0.00126383380409643
10.7570264513732,0.699214593083404,0.00127517762043646
10.7737180733367,0.767124781979795,0.00125798085108337
10.7903809270646,0.832842504802621,0.00122517869553982
10.8070146008215,0.895442589556295,0.0011845206490651
10.8236194368085,0.953959663672884,0.00114073403029828
10.8401965621451,1.00739325186756,0.00109675992731114
10.8567478908253,1.05471646806894,0.00105448494861067
10.8732760938816,1.0948881261869,0.00101519232965946
10.8897845357115,1.12702253430217,0.000988238685043791
10.9062771757684,1.15087235972783,0.000980157146567432
10.9227584435945,1.16638036378866,0.00098889561345848
10.9392331017215,1.17353262807623,0.00101366562266586
10.9557061027476,1.17236315370527,0.00105475257251668
10.9721824439547,1.16295557193251,0.00111348828628221
10.9886670227361,1.14544192234251,0.00119236911571527
11.0051644960338,1.11999863303287,0.00129533878266088
11.0216791468294,1.0868400023139,0.00142829614880811
11.0382147605321,1.04620961765668,0.00159995028486308
11.054774513938,0.998506004734868,0.00181621673842366
11.0713608822492,0.944674697584978,0.00208280159354841
11.0879755766236,0.885781280338748,0.0024142100923208
11.1046195169031,0.822862854523729,0.00283076970224951
11.1212928369495,0.756919688821345,0.003361436382129
11.137994919562,0.688910602453091,0.00404831681251435
11.1547244574373,0.619751908311732,0.00495417684196355
11.1714795362609,0.550319503690938,0.0061753584486626
11.1882577358166,0.481453539268309,0.00786494833475108
11.2050562449581,0.413965011280256,0.0102764367442087
11.2218719859453,0.348575331247356,0.0138432622821143
11.2387017339783,0.285723505633158,0.0194394829764492
11.2555422110691,0.225787098874181,0.0290288197583585
11.272390166543,0.169168844017436,0
11.2892424524148,0.116343676180494,0
11.3060960927596,0.0680669480736797,0
11.3229483459904,0.0273884384391957,0
11.3397967591612,0.0263372305702284,0
11.3566392136497,0.0571617709178594,0
11.3734739618373,0.0854889433177248,0
11.3902996542844,0.108456791964609,0
11.4071153471931,0.126036414792696,0
11.4239204749101,0.138623393708972,0
11.4407148070833,0.146677246362788,0
11.4574984031289,0.150680676504374,0
11.4742715659657,0.151128425602425,0
11.4910347961762,0.14852350630185,0
11.5077887474327,0.143375560343979,0
11.5245341837325,0.136199805846644,0
11.5412719387406,0.127516079658273,0
11.5580028775472,0.117790437093189,0
11.5747278662084,0.107261889494534,0
11.5914477573324,0.096113788023597,0
11.6081633823405,0.0845309430105994,0
11.6248755447057,0.0726995531527785,0
11.6415850138249,0.0608074243149429,0
11.658292519388,0.0490448524853672,0
11.674998746098,0.0376073278679327,0
11.6917043285952,0.026704449726254,0
11.7084098464405,0.0165979122824328,0
11.7251158190949,0.00785118458783045,0
11.7418227026447,0.0049202343490027,0
11.7585308911658,0.0108782742253731,0
11.775240719694,0.0174175384423771,0
11.7919524669527,0.0233016017829999,0
11.8086663577898,0.0283756236875441,0
11.825382565357,0.0325967173939977,0
11.8421012130633,0.0359467941867674,0
11.8588223763338,0.0384157925447794,0
11.8755460842098,0.0399968796933485,0
11.8922723208511,0.0406997425340979,0
11.9090010276925,0.0405949991527781,0
11.9257321074625,0.0397687197333145,0
11.9424654289968,0.0383071254934438,0
11.9592008321695,0.0362964467206211,0
11.9759381329305,0.0338228528486563,0
11.9926771284576,0.0309724251056288,0
12.0094176024247,0.0278311576116536,0
12.0261593303784,0.0244849808754277,0
12.0429020852162,0.0210198080569073,0
12.0596456427134,0.0175150249293026,0
12.0763897862345,0.0140241853850393,0
12.0931343092454,0.0105962552818571,0
12.109879016963,0.00728637198816002,0
12.1266237279783,0.00417704205441337,0
12.1433682758763,0.00162152957743121,0
12.1601125108432,0.00223787282802305,0
12.1768563012515,0.00449903744907352,0
12.1935995352161,0.00659604363221141,0
12.2103421221158,0.00835375678945035,0
12.2270839940433,0.0097178730902633,0
12.2438251063894,0.0107043024665275,0
12.2605654362939,0.011346944633432,0
12.2773049802528,0.0116812224048863,0
12.2940437516898,0.0117432112832934,0
12.3107817785288,0.0115693230040409,0
12.3275191007726,0.0111961732531435,0
12.3442557680919,0.0106605200324157,0
12.3609918374256,0.00999923037295087,0
12.3777273705931,0.00924925496918036,0
12.3944624319339,0.00844356355666743,0
12.411197086343,0.00759907393966981,0
12.4279313982943,0.00672888615998653,0
12.4446654312522,0.00584645736126765,0
12.4613992471033,0.00496585619273212,0
12.4781329055896,0.00410228827651282,0
12.4948664637435,0.00327327003427791,0
12.5115999753241,0.00250150904046028,0
12.5283334902545,0.00182262072609874,0
12.5450670540573,0.00130511873305667,0
12.5618007072961,0.00106955813755698,0
12.5785344851645,0.00117083300188604,0
12.5952684174539,0.0014625492545077,0
12.6120025286685,0.0017989695881432,0
12.628736838145,0.00211714746073141,0
12.6454713601703,0.00239335715353032,0
12.6622061040984,0.00261829620111852,0
12.6789410744659,0.00278851633527019,0
12.6956762711071,0.00290344433769098,0
12.7124116892681,0.00296433849604404,0
12.729147319724,0.00297503030116198,0
12.7458831489703,0.00294476373214041,0
12.7626191596056,0.00288495719465747,0
12.779355330789,0.00280819941456736,0
12.7960916387019,0.00272812887480065,0
12.8128280570101,0.00265894078448808,0
12.8295645573262,0.00261428894953212,0
12.8463011096737,0.00260552862513882,0
12.8630376829505,0.00263970205937142,0
12.8797742453929,0.00271813580920016,0
12.8965107650426,0.00283540878924019,0
12.9132472102512,0.0029777004264913,0
12.9299835502873,0.00312808816531654,0
12.9467197559803,0.00326952273535284,0
12.9634558003668,0.00338583954494447,0
12.9801916593348,0.00346207800415437,0
12.996927312267,0.00348446094948502,0
13.0136627426832,0.00344027206369547,0
13.0303979388821,0.00331776987051331,0
13.0471328945812,0.00310625039867891,0
13.0638676095502,0.00279936162241762,0
13.0806020900527,0.00240518660163145,0
13.0973363488054,0.00194148107852532,0
13.1140704047488,0.00144625655799591,0
13.1308042828119,0.00103299309075353,0
13.1475380136805,0.00100579313746873,0
13.164271633567,0.00149358062090356,0
13.1810051839832,0.00223815634127594,0
13.197738711515,0.00309876493858737,0
13.2144722675987,0.00402830208978725,0
13.2312059082896,0.00500275995540651,0
13.2479396937689,0.00599428123586742,0
13.2646736871847,0.00697498810487319,0
13.2814079532292,0.00791833850773313,0
13.2981425567007,0.00879847568559834,0
13.3148775610609,0.00958992638174748,0
13.3316130269842,0.0102674512030699,0
13.3483490108991,0.0108059674512926,0
13.3650855635206,0.0111805098900366,0
13.3818227283726,0.0113662144172365,0
13.3985605403082,0.0113417845693476,0
13.4152990241889,0.0110998888917571,0
13.4320381939846,0.0106367669776251,0
13.4487780520419,0.00994881526766191,0
13.4655185883608,0.00903271639544423,0
13.4822597798774,0.00788575817336939,0
13.4990015897539,0.00650672757028673,0
13.5157439666793,0.00489903579021248,0
13.5324868441834,0.00308677811279882,0
13.5492301399671,0.00130182289851514,0
13.5659737552678,0.00192236334962383,0
13.5827175746664,0.00434070021014384,0
13.5994614669815,0.00707827156705644,0
13.6162052866058,0.00999645490133222,0
13.6329488748768,0.0130440488918206,0
13.6496920614622,0.0161821174952192,0
13.6664346657517,0.0193749293694733,0
13.6831764982508,0.022587903641499,0
13.6999173619685,0.0257869643486621,0
13.7166570537911,0.028938291319209,0
13.7333953658868,0.0319933493239096,0
13.7501320883908,0.0348441655673092,0
13.7668670153579,0.0373677445847032,0
13.7835999519165,0.0394409154199753,0
13.8003307213384,0.0409403467993199,0
13.8170591719588,0.0417425846669633,0
13.8337851839449,0.0417241369668596,0
13.8505086759183,0.0407616496710086,0
13.8672296114535,0.0387322706114819,0
13.8839480054876,0.0355144518277543,0
13.9006639306349,0.0310246531395304,0
13.9173775218813,0.0253261150836928,0
13.9340889772335,0.0185401417117479,0
13.9507985570284,0.0109041766587521,0
13.9675065835559,0.00423735371806568,0
13.9842134410717,0.00958128471927879,0
14.0009195761992,0.0197364022576026,0
14.0176254987041,0.0309333627782671,0
14.0343317826133,0.042835254691286,0
14.0510390676375,0.0553040141004381,0
14.067748060681,0.0681874676006682,0
14.0844595331823,0.0811551699455343,0
14.1011743073388,0.0938326444455464,0
14.1178932374792,0.105847275091244,0
14.1346171904139,0.116828409150191,0
14.1513470246325,0.126407704667478,0
14.1680835680943,0.134219572333276,0
14.184827594418,0.139901634739966,0
14.2015797973618,0.143095163860239,0
14.2183407635888,0.143445495179203,0
14.2351109439287,0.140646159457147,0
14.2518906257467,0.134569787783145,0
14.2686799108467,0.125136756393399,0
14.2854786961117,0.112273829351046,0
14.3022866552071,0.0959217596355226,0
14.3191032218506,0.0760610566103702,0
14.3359275752976,0.0528252598256701,0
14.3527586287384,0.0273739795425741,0
14.3695950213622,0.0174270697576644,0
14.3864351149038,0.0470637701244683,0
14.4032769957432,0.0858153969769284,0
14.4201184881513,0.129160184380684,0
14.4369571867329,0.176351889090941,0
14.4537905005338,0.227008558592473,-0.00100233737443626
14.4706157038689,0.280832517987073,-0.000716225733778808
14.4874299932893,0.337555963610517,-0.000535802319440593
14.5042305501655,0.39692347627646,-0.000413852751243738
14.5210146082315,0.4586834483491,-0.000326916855737036
14.5377795253173,0.522582102642837,-0.000262243425577639
14.5545228583796,0.588358306641645,-0.000212400783545169
14.5712424413466,0.655597175477389,-0.000173062584578263
14.5879364771739,0.723294777843388,-0.000141839462796931
14.6046036585568,0.7902664198677,-0.000116877746218019
14.6212432867029,0.855281867897886,-9.67189901796127e-005
14.6378553685172,0.917063702677202,-8.02357577817796e-005
14.6544406861619,0.974289743164872,-6.65590781536777e-005
14.6710008337741,1.02560013378485,-5.50139249340588e-005
14.6875382166839,1.06960927671852,-4.5066079953061e-005
14.7040560093681,1.10492225532113,-3.62788437520666e-005
14.7205580696188,1.13015476648864,-2.82763105616979e-005
14.7370488079201,1.14426582438514,-2.1359697706618e-005
14.7535330133795,1.1475124003334,-1.57619033828608e-005
14.7700156548501,1.14052786380335,-1.11448050873733e-005
14.7865016878,1.1240076876359,-7.27943891149772e-006
14.8029958787769,1.09870065825084,-4.00995116441402e-006
14.819502651893,1.06539695285817,-1.2324044522574e-006
14.8360259604651,1.02491443050275,1.11720759523046e-006
14.8525691858409,0.978084437711067,3.06857120089664e-006
14.8691350643926,0.925738276332033,4.61739776055671e-006
14.8857256427147,0.868695253392849,5.72029465237103e-006
14.9023422600692,0.807783172186797,6.66216137264009e-006
14.9189855527696,0.743921921706856,7.81929394643113e-006
14.9356554733473,0.678028242257888,9.26747244932553e-006
14.9523513295968,0.610983273348224,1.1116588833151e-005
14.9690718442864,0.543633087150906,1.35308292461245e-005
14.9858152319007,0.476791652933553,1.67639046609496e-005
15.0025792885333,0.411245720004137,2.12235594498449e-005
15.019361491089,0.347761084878668,2.75963413569778e-005
15.0361591020937,0.287089753906287,3.71055238482675e-005
15.0529692766364,0.229977655555566,5.20897266791432e-005
15.0697891678825,0.177035512211567,0
15.0866160185272,0.128339153041808,0
15.1034472193723,0.0838698299893489,0
15.1202803485974,0.0437857304341671,0
15.1371132018332,0.0112225876599339,0
15.1539438142876,0.0278919798916268,0
15.1707704757513,0.0556400107884772,0
15.1875917392731,0.0800125633449925,0
15.2044064242673,0.100575239616062,0
15.2212136147957,0.117254601741101,0
15.2380126536394,0.130071282176715,0
15.2548031302375,0.139234229862556,0
15.2715848592327,0.145001408220544,0
15.288357855059,0.147633789640439,0
15.3051223060595,0.147394922453015,0
15.3218785488459,0.144550936799321,0
15.3386270433697,0.139370600123187,0
15.3553683490523,0.132125300327701,0
15.3721031022079,0.123088926316111,0
15.3888319948938,0.11253765015756,0
15.4055557552634,0.100751327696819,0
15.4222751302384,0.088018373828903,0
15.4389908717674,0.0746306057795344,0
15.4557037251531,0.060881524324944,0
15.4724144183838,0.0470668310415679,0
15.4891236521858,0.0334869424839575,0
15.5058320905298,0.0204595102867509,0
15.52254035132,0.00843508354307053,0
15.5392489970055,0.00419822037674661,0
15.5559585248753,0.0132883994313156,0
15.5726693569976,0.0213733262901859,0
15.5893818336678,0.0279656150734984,0
15.6060962167854,0.0331415140963993,0
15.6228126969168,0.0370119163148332,0
15.6395314002019,0.0396950170818182,0
15.6562523950725,0.0413112818839739,0
15.6729756988879,0.0419819840862065,0
15.6897012845666,0.0418286479698777,0
15.7064290872764,0.0409727963284275,0
15.7231590112239,0.0395358243929113,0
15.7398909365324,0.0376295553994417,0
15.7566247252759,0.03532813120975,0
15.7733602251436,0.032696245908522,0
15.790097272222,0.0297985360369013,0
15.8068356938265,0.0266995872460448,0
15.8235753114161,0.0234639527381483,0
15.8403159435778,0.020156185947394,0
15.857057409072,0.0168408964276247,0
15.8737995299221,0.0135828545405885,0
15.8905421345374,0.0104472217559804,0
15.9072850608265,0.00749071379795723,0
15.9240281586719,0.00473602006274302,0
15.9407712907583,0.00222144784949409,0
15.9575143327359,0.000735290372696095,0
15.9742571733363,0.00250464256888288,0
15.9909997144654,0.00439313854019863,0
16.0077418712741,0.00607947314712891,0
16.024483572209,0.00753660305974844,0
16.0412247590424,0.00875258268669814,0
16.0579653868852,0.00971830583186073,0
16.0747054241732,0.0104297636919648,0
16.0914448523986,0.0109003040249066,0
16.1081836652182,0.0111476999562102,0
16.124921867317,0.0111898135604086,0
16.1416594732624,0.0110445586923362,0
16.1583965063622,0.010729883171029,0
16.1751329975266,0.0102637593007954,0
16.1918689841369,0.00966417816529522,0
16.2086045089204,0.00894914565862347,0
16.2253396188336,0.00813667932647268,0
16.2420743639538,0.00724512869797851,0
16.2588087964262,0.00629415233058933,0
16.2755429695402,0.00530377212103691,0
16.2922769368605,0.00429408022146309,0
16.3090107513632,0.00328532033674964,0
16.3257444645771,0.00229816697650823,0
16.3424781257256,0.00135508101062432,0
16.3592117808698,0.00049524223137674,0
16.3759454720505,0.000414921859065155,0
16.3926792364295,0.00108818912771719,0
16.4094131054383,0.00167451410345547,0
16.4261471042316,0.00215325959177469,0
16.4428812519167,0.0025301063303855,0
16.459615562087,0.00281276980944393,0
16.4763500433665,0.00300942824195211,0
16.4930846999525,0.00312841130958511,0
16.5098195321586,0.00317810880499144,0
16.526554536957,0.00316693662979925,0
16.5432897085215,0.00310332176271179,0
16.5600250387709,0.0029956945789926,0
16.5767605179104,0.00285190868284883,0
16.593496134902,0.00267751488227441,0
16.6102318777543,0.00247749309855458,0
16.6269677337406,0.00225682766123485,0
16.6437036896156,0.00202050670427967,0
16.6604397318321,0.00177352231935114,0
16.677175846758,0.00152087168903208,0
16.6939120208943,0.0012675599492808,0
16.7106482410925,0.00101860687194258,0
16.7273844947728,0.000779063662580917,0
16.7441207701403,0.000553318912599483,0
16.7608570563525,0.000343106520546567,0
16.777593343563,0.000151745486767937,0
16.7943296229155,6.37177303844485e-005,0
16.8110658865371,0.000208659420988621,0
16.8278021275303,0.000353655308455309,0
16.8445383399653,0.000483038207648974,0
16.8612745188726,0.0005951417396729,0
16.8780106602344,0.000689182266744189,0
16.8947467609774,0.000764554056896398,0
16.9114828189633,0.000820981025650038,0
16.9282188329655,0.000859308014519601,0
16.9449548026068,0.000880665300672232,0
16.9616907282819,0.00088618841291122,0
16.9784266110796,0.000877015529789958,0
16.9951624527051,0.000854286155509594,0
17.011898255402,0.000819140371738749,0
17.0286340218744,0.000772718365971611,0
17.0453697552094,0.000716160094330721,0
17.0621054587991,0.000650605008167855,0
17.0788411362631,0.000577307966793125,0
17.0955767913741,0.000497988560634419,0
17.1123124279913,0.000414484578214702,0
17.1290480499967,0.000328637269975698,0
17.1457836612315,0.000242295587784923,0
17.1625192654334,0.000157333965515239,0
17.1792548661724,7.57791687413397e-005,0
17.1959904667883,1.05483760678146e-005,0
17.2127260703267,7.27153395758441e-005,0
17.2294616794759,0.000133806478942633,0
17.2461972965042,0.000185034877726229,0
17.2629329232201,0.000226466262999032,0
17.279668560989,0.000258717237571264,0
17.2964042107725,0.000282427397528595,0
17.3131398731687,0.000298242722804233,0
17.3298755484521,0.000306811414398396,0
17.3466112366141,0.000308782487483936,0
17.3633469374028,0.000304805193579776,0
17.3800826503637,0.000295528753801924,0
17.3968183748792,0.000281602245457776,0
17.4135541102092,0.000263666847969238,0
17.4302898555251,0.000242332850509108,0
17.447025609932,0.000218203241226311,0
17.4637613724842,0.000191881408918484,0
17.4804971422012,0.000163971106804217,0
17.4972329180836,0.000135076523565544,0
17.5139686991293,0.000105802585677181,0
17.5307044843489,7.67559974909007e-005,0
17.547440272782,4.85497196467391e-005,0
17.564176063513,2.18382208022815e-005,0
17.5809118556867,4.18176023321992e-006,0
17.5976476485208,2.60570210626368e-005,0
17.6143834413081,4.65050797757736e-005,0
17.6311192334159,6.46809969522071e-005,0
17.6478550242847,8.04629614103054e-005,0
17.6645908134272,9.37516587041281e-005,0
17.6813266004272,0.000104451944589561,0
17.6980623849382,0.000112469930530779,0
17.7147981666827,0.000117712237054134,0
17.7315339454506,0.000120085766576318,0
17.7482697210986,0.000119557792008905,0
17.7650054935475,0.000116336334284914,0
17.7817412627782,0.000110689717455453,0
17.7984770288259,0.00010288651831857,0
17.8152127917749,9.31957527611463e-005,0
17.8319485517528,8.1887261293616e-005,0
17.8486843089254,6.92325889986739e-005,0
17.8654200634909,5.55072994200855e-005,0
17.8821558156747,4.0998445834532e-005,0
17.8988915657236,2.60383272313752e-005,0
17.9156273139007,1.13206738090894e-005,0
17.9323630604798,7.28290372422225e-006,0
17.949098805741,2.08359368893947e-005,0
17.9658345499657,3.48327518474932e-005,0
17.982570293432,4.79226906498565e-005,0
17.9993060364108,5.9665880859832e-005,0
18.0160417791602,6.96997019383167e-005,0
18.0327775219217,7.76784289038227e-005,0
18.0495132649152,8.32617987251537e-005,0
18.0662490083346,8.61117655662971e-005,0
18.0829847523431,8.60019638515477e-005,0
18.0997204970705,8.31491406810325e-005,0
18.1164562426142,7.788115517837e-005,0
18.1331919890424,7.05262977518465e-005,0
18.1499277363967,6.1413426275765e-005,0
18.1666634846951,5.08724775665751e-005,0
18.1833992339353,3.92360864888573e-005,0
18.200134984097,2.68459573255697e-005,0
18.2168707351456,1.40943541444826e-005,0
18.2336064870344,2.90615389078156e-006,0
18.2503422397081,1.23320754766558e-005,0
18.2670779931051,2.45874186830721e-005,0
18.2838137471589,3.63505559056108e-005,0
18.3005495017998,4.73414881796812e-005,0
18.3172852569554,5.73469388208055e-005,0
18.3340210125523,6.61644470872844e-005,0
18.3507567685169,7.35945943922536e-005,0
18.367492524777,7.94390910248418e-005,0
18.3842282812624,8.35001455392044e-005,0
18.4009640379064,8.55802145447459e-005,0
18.4176997946471,8.5543404075988e-005,0
18.4344355514278,8.3499971221388e-005,0
18.4511713081977,7.9621765743592e-005,0
18.4679070649112,7.40806918558154e-005,0
18.4846428215284,6.70486994496071e-005,0
18.5013785780146,5.86977921838298e-005,0
18.5181143343403,4.92000654266785e-005,0
18.534850090481,3.87278257297632e-005,0
18.5515858464173,2.7454041468744e-005,0
18.5683216021345,1.55549583805625e-005,0
18.5850573576227,3.28003814910107e-006,0
18.6017931128765,9.47567761905116e-006,0
18.6185288678949,2.20981631135374e-005,0
18.6352646226805,3.45589136497262e-005,0
18.6520003772396,4.66331921149261e-005,0
18.6687361315815,5.81067600532925e-005,0
18.6854718857184,6.87667486689135e-005,0
18.7022076396646,7.84006435035885e-005,0
18.7189433934365,8.67960557649606e-005,0
18.7356791470522,9.37406499534666e-005,0
18.7524149005309,9.9059662484379e-005,0
18.7691506538926,0.000102728527827208,0
18.7858864071579,0.000104760236403866,0
18.8026221603476,0.000105167784458513,0
18.8193579134821,0.000103964171584486,0
18.8360936665817,0.000101162399316658,0
18.8528294196656,9.67754705696499e-005,0
18.8695651727518,9.08163891647493e-005,0
18.886300925857,8.32981601761603e-005,0
18.9030366789959,7.42337900792916e-005,0
18.9197724321812,6.36534819551496e-005,0
18.9365081854232,5.16562210523002e-005,0
18.9532439387297,3.83582250776101e-005,0
18.9699796921067,2.38758790494677e-005,0
18.986715445558,8.3273597896705e-006,0
19.0034511990858,8.18568399134345e-006,0
19.0201869526907,2.55226246836372e-005,0
19.0369227063719,4.35821593580985e-005,0
19.0536584601273,6.2245953821298e-005,0
19.070394213954,8.13976121724912e-005,0
19.0871299678481,0.000100931337400075,0
19.1038657218051,0.0001207830768634,0
19.12060147582,0.000140899217978159,0
19.1373372298871,0.000161226153816177,0
19.1540729840004,0.000181710280030047,0
19.1708087381535,0.000202297993751518,0
19.1875444923396,0.000222935692958386,0
19.2042802465517,0.000243569775879902,0
19.2210160007826,0.000264146641102079,0
19.2377517550249,0.000284612687563633,0
19.2544875092712,0.000304926278795378,0
19.2712232635139,0.000325093637252265,0
19.2879590177456,0.000345132950322685,0
19.3046947719588,0.000365062405230371,0
19.321430526146,0.000384900189461189,0
19.3381662802999,0.000404664490445037,0
19.3549020344131,0.0004243734956098,0
19.3716377884783,0.000444045392457897,0
19.3883735424883,0.000463698368497298,0
19.4051092964361,0.000483350611200287,0
